#,Keyword,Volume (desc),Keyword difficulty,Cost per click,blueapron,homechef,hellofresh,plated,greenchef,verywellfit
4,meal delivery service,17000,83,7,4,9,8,,27,
5,meal delivery,16000,84,7,2,6,4,,16,7
11,meal kits,7700,78,7,2,6,5,,16,35
13,meal prep delivery,7100,86,6,4,,8,,18,
16,home fresh,4500,74,2,9,1,3,,,2
17,meal delivery kits,4300,77,7,9,11,7,,16,60
18,meal kit delivery,4100,78,7,3,6,1,,12,46
19,fresh food delivery,3700,83,4.5,3,7,1,,28,
20,healthy food delivery,3600,45,6,16,,42,,5,11
21,home meal delivery,2800,83,6,2,3,6,,33,19
23,meal kit services,2600,78,7,8,10,4,,15,9
24,homefresh,2600,22,0.9,97,2,1,,,
25,meal kit,2600,78,4,6,4,1,,14,41
27,meals delivered,2400,83,,6,4,5,,31,7
28,home food delivery,2400,84,6,4,3,6,77,28,
30,meal subscription,2300,57,4.5,2,17,4,,18,22
31,green chef menu,2300,13,2,65,79,29,,1,10
32,low carb meal delivery,2200,14,6,,37,4,,8,12
33,meal service,2100,83,6,6,8,3,,20,
34,healthy meals delivered,2000,47,7,13,,31,,6,1
35,meal kit delivery services,2000,78,14,7,11,5,70,15,10
37,meal boxes,1700,34,6,5,,4,,29,
38,home delivery service,1700,95,4,4,3,5,,,14
39,meal services,1600,78,4.5,7,12,4,,19,
40,meal plan delivery,1500,88,7,5,6,8,,10,
42,meals delivered to your home,1300,83,7,6,2,3,66,,
44,home fresh meals,1300,83,4.5,8,1,2,,70,
47,fresh meals,1200,85,2.5,8,6,1,,,
48,fresh meals delivered,1200,86,5,5,4,3,,26,
51,home delivered meals,1000,84,5,7,11,10,,,18
52,mail order meals,900,83,5,2,7,3,21,22,
53,meals delivered to home,900,84,6,6,2,8,,,
54,healthy meal delivery services,900,42,9,18,,21,,6,9
55,food box delivery,900,56,7,3,99,6,,13,9
57,cooked meal delivery,900,72,,6,45,10,,26,5
58,home food delivery services,800,84,9,5,3,6,,35,6
60,meal delivery plans,700,83,6,5,8,6,,16,
61,keto meal delivery kits,700,16,,,100,13,,3,95
62,my apron.com,700,52,,6,,63,,80,
63,vegetarian bibimbap,600,12,,7,,20,34,,
64,dinner delivery service,600,78,6,3,6,7,,24,10
65,greenchef login,600,26,,16,,30,,1,
68,home meal delivery services,600,84,11,6,8,5,,26,12
72,meals delivered to your door,600,86,7,6,12,8,,,4
75,fresh delivery,600,89,3.5,27,21,1,,,6
76,home delivery food,600,92,6,2,4,10,,,
77,ground pork pasta recipes,600,5,0.15,1,37,28,,,11
79,greenchef menu,600,10,,82,,35,,1,8
81,delivery meals,600,83,5,5,7,9,,28,11
83,green chef login,600,20,0.9,16,19,23,,1,5
84,green chef prices,600,19,5,53,,45,,3,
85,food chef,600,85,2,35,1,,,3,4
87,cajun tilapia,600,4,,14,8,24,,,
88,crema salad,500,5,6,68,83,,3,,11
89,parmesan crusted cod,500,7,0.05,15,1,5,,,4
90,cooking subscription box,500,18,4,26,90,6,,69,4
91,green chef corporation,500,9,2,34,,17,,1,26
95,what is togarashi,500,11,0.4,83,,,5,79,24
97,meal in a box,500,75,5,3,8,2,13,90,
100,cook meals delivery,500,89,6,3,5,4,10,24,27
101,food kits,450,78,4,2,5,1,,15,1
103,low carb meals delivered,450,12,,,32,3,,8,106
104,meal plans delivery,450,88,6,6,4,8,,11,25
105,roast steaks,450,8,0.35,80,16,,2,,
106,roasted steaks,450,14,0.35,55,25,79,2,,
107,food service delivery,450,77,6,6,10,3,42,17,
108,home meal kits,450,77,9,3,2,4,15,30,7
109,berbere chicken,450,4,,1,8,22,95,47,1
110,food meal delivery,450,83,6,3,5,6,53,21,7
111,home meals,450,91,4.5,1,2,3,11,,31
113,keto home delivery,400,26,2.5,,80,13,,3,67
114,lemon pepper steak,400,0,1.6,,94,6,,60,
115,meal box,400,40,6,2,,3,91,77,11
116,meal kits for singles,400,19,6,24,20,3,23,74,
117,food subscription service,400,40,4.5,3,16,4,14,28,26
118,meal kits delivery,400,78,,6,8,4,17,15,18
119,green chef cost,400,3,3,73,,40,,2,13
121,food home delivery,400,92,5,4,3,9,18,20,20
123,food delivered to your door,400,96,6,4,18,11,,,7
124,meal kit companies,400,78,7,4,8,12,30,16,11
125,box meals delivery,400,76,6,2,9,3,13,20,27
126,ingredients delivered,400,73,6,3,9,4,41,15,58
127,boxed food delivered,400,85,6,6,8,5,,38,
128,fresh recipes,400,23,1.6,15,19,3,,,10
130,box meal delivery,400,75,6,2,9,3,13,19,
131,home foods services,400,56,3.5,17,6,83,,,3
132,meals ingredients delivered,400,89,5,3,4,2,9,21,30
133,fresh ingredients delivery,400,87,5,1,4,2,5,15,4
135,cajun shrimp tacos,400,3,0.25,13,5,85,,,
136,boxed meals delivery,350,74,6,3,10,4,15,20,
137,fresh ingredient delivery,350,78,5,1,6,2,24,16,75
138,delivered meal plan,350,84,6,2,5,6,43,16,1
139,order meals online,350,93,4,1,5,3,32,,1
141,weekly food delivery,350,83,6,4,2,5,17,31,9
142,organic meal kit delivery,350,41,9,,94,34,,1,4
143,food delivery boxes,350,46,6,2,17,4,16,37,86
146,fresh meal,350,86,3,11,5,2,,,
147,fresh home delivered meals,350,83,6,6,5,3,54,25,11
148,box meals delivered,350,75,6,3,9,4,18,26,20
150,helofresh,350,48,4.5,92,,1,,85,2
152,food home delivery service,300,89,5,3,5,7,11,29,11
155,meal subscription services,300,55,,7,17,6,14,28,5
156,box meals,300,28,5,1,12,3,11,34,10
157,fresh reciepes,300,23,3,14,19,3,,,9
158,family meal delivered,300,11,6,16,19,11,66,23,14
159,freshly delivered meals,300,48,5,15,14,5,69,,7
160,parmesean crust,300,1,,81,7,49,,,16
161,fresh delivery meal,300,86,6,6,5,4,,42,28
163,cooking subscription boxes,300,6,2.5,26,84,10,68,96,1
164,meal delivery service near me,300,94,5,6,13,9,48,,7
166,meal prep subscription,300,39,5,19,,9,,25,
168,meal delivery kit,300,55,,4,8,12,23,22,
169,fresh meals delivery service,300,87,6,4,8,7,34,10,14
170,ingredients delivery,300,90,4.5,2,4,3,5,12,12
171,food cheff,300,35,4,76,1,,,6,
172,best meal delivery service for families,300,11,8,39,49,11,,85,
174,dinner kits,300,82,4.5,2,4,1,16,18,5
175,home food delivery service,300,84,7,5,4,7,20,54,24
176,fresh ingredients,300,3,5,10,80,12,55,,
177,fresh food delivery services,300,89,7,5,6,3,12,27,18
178,fresh food delivery service,300,85,6,4,6,3,17,32,
179,meal prep kit,300,48,2.5,10,14,12,16,21,
180,mozzarella burger,300,0,6,52,49,1,,,
181,food delivery box,300,80,7,2,,4,11,21,7
182,meal service plans,300,76,,10,15,5,,16,
184,hot honey chicken,300,4,,23,40,1,,,
186,recipe delivery service,300,87,6,2,5,3,11,18,64
187,dinner home delivery,300,85,5,5,1,8,,18,11
188,black bean sweet potato tacos,300,26,,,75,7,,62,
189,best meal delivery service for singles,300,28,8,38,36,4,58,87,1
190,fresh meals delivered to home,300,83,7,5,4,3,23,,18
191,gouda burger,300,3,,7,33,21,,,6
192,paleo box meals,300,11,7,26,,52,,8,6
193,french onion soup burger,300,2,1.7,,95,15,5,,86
194,home meal delivery kits,300,78,,4,3,5,20,18,4
195,dinner in a box,300,72,3,2,10,4,17,68,1
196,cook plated com,250,4,2.5,30,,57,1,69,
197,meal service delivery,250,84,5,6,9,5,40,25,1
198,home fresh menu,250,46,3,15,3,1,38,24,
200,meals to your door,250,85,5,1,5,8,28,54,
201,meals delivery,250,83,,4,6,5,,22,21
202,meal kit service,250,78,,7,11,6,33,16,1
205,delivery meal service,250,84,7,2,7,3,18,16,
206,togarashi recipes,250,1,,37,101,,7,83,10
207,home fresh login,250,91,,9,3,1,18,,9
209,box dinners,250,87,5,4,7,6,12,28,17
210,meal box delivery,250,76,8,3,11,2,14,26,8
212,green chef phone number,250,8,3,38,,55,,1,78
214,hellp fresh,250,42,,73,,1,,83,5
215,cancel green chef,250,3,6,,24,17,,1,66
219,parmesan crust,250,1,,87,7,52,,,
221,meal kit delivery service,250,77,7,7,5,3,16,17,6
222,helli fresh,250,46,,62,,1,,88,66
223,boxed food delivery,250,74,6,4,7,5,13,26,
224,go fresh meals,250,3,3,23,22,5,,79,10
226,keto friendly meal delivery,250,25,,,93,14,,3,
227,food boxes dinner service,250,50,,9,15,5,17,35,
228,www.homechef.com login,250,46,,,1,,63,58,
229,food boxes delivery,250,86,6,3,10,6,12,23,10
231,meal kits delivered,250,85,6,8,6,3,,12,4
232,food delivery meals,250,84,6,2,4,5,17,19,33
233,low carb meal kits,250,12,,,19,3,,5,
234,weekly meal delivery,250,83,7,6,3,5,69,29,7
237,helllo fresh,250,45,5,74,,1,,89,1
239,fresh meal delivery services,250,83,6,5,3,2,15,24,
240,meals on line,250,92,4,1,2,3,6,91,8
241,cooked fresh,250,83,1.3,50,9,3,,62,3
242,box dinner,250,73,3.5,5,9,7,,22,
243,cheap meal kits,250,47,,27,54,5,,,24
244,my delivery,250,52,1.2,14,39,7,,58,4
245,meals sent to your home,250,89,5,3,5,7,12,,14
249,food delivery subscription,250,50,7,2,16,4,13,49,10
251,moo shu spice blend,250,5,,82,30,5,,,
252,low carb food delivery,250,11,6,,57,4,,69,
254,cod en papillote,250,2,,1,,12,3,,101
255,meal prep delivery service,250,78,,4,74,42,69,13,
256,how to cancel green chef,250,2,6,,20,17,,1,4
257,meal plan services,250,64,4.5,11,25,21,,8,
258,meals in a box,250,73,4,4,9,3,13,41,36
259,online meal delivery,250,84,5,1,4,2,11,18,73
260,steak frites sauce,250,3,,5,13,,,73,12
261,meals for one delivered,250,28,7,16,21,2,18,,2
262,healthy home food delivery,250,48,7,18,37,33,,7,
265,stuffed poblano peppers with ground beef,200,6,0.6,7,,69,,66,
266,helllofresh,200,44,,93,,1,,85,71
269,box food delivery,200,72,5,2,11,3,14,19,97
271,fresh food home delivery,200,83,6,6,4,9,,26,6
272,food prep delivery service,200,37,8,11,21,17,,27,3
273,home dinner delivery,200,78,5,6,3,10,,28,12
275,weekly meals delivered,200,85,6,6,3,4,15,40,8
276,best organic meal delivery,200,42,9,77,88,,,7,
277,dinner subscription box,200,40,4.5,7,14,8,15,25,21
278,food in a box,200,79,4.5,3,5,4,13,36,9
280,meals delivered to your house,200,83,6,4,2,5,18,,
282,couscous bowl,200,4,0.5,21,18,5,,33,14
283,plated meal kits,200,10,,62,,,1,98,
284,gluten free meal delivery kits,200,10,,87,,32,63,6,3
286,gemelli pasta recipes,200,1,,15,1,25,,,7
287,gemelli pasta recipe,200,1,0.8,51,8,27,,,
288,pre packed meals,200,81,3.5,2,,9,74,,1
290,pineapple tacos,200,13,,35,50,1,,,8
291,keto home delivery meals,200,26,,,84,25,,3,
292,best meal subscription service,200,51,15,11,33,15,,65,8
293,organic meal delivery service,200,63,9,37,27,51,78,2,
294,home meals delivery,200,90,7,4,3,6,12,35,8
295,fresh food delivery box,200,75,6,3,8,1,14,23,
296,ww fresh com,200,8,0.8,4,76,16,,,12
298,meal kits delivered to your door,200,77,7,2,12,6,32,35,
299,meals for delivery,200,82,4.5,4,7,5,27,19,
300,meal order services,200,83,6,5,8,7,13,22,23
301,best home meal delivery service,200,59,7,11,18,20,,,43
302,meal subscriptions,200,51,4.5,6,27,8,15,86,
304,best food home delivery,200,59,,8,10,13,51,69,24
305,meal deliveries,200,76,7,6,7,9,33,94,15
306,meals at home,200,61,4,,2,6,78,,21
307,meal subscription boxes,200,50,,8,17,7,28,48,6
309,food delivered to home,200,92,5,1,3,5,12,27,
310,subscription meal services,200,54,4.5,7,15,9,13,26,
311,home delivery meal plans,200,84,6,1,5,12,23,25,8
313,organic home delivery meals,200,37,9,39,,69,,4,
314,thai beef lettuce wraps,200,2,,57,,23,7,,6
316,healthy meal subscription,200,58,7,15,,11,30,17,
317,meals shipped to home,200,89,6,4,8,7,11,31,
320,fresh foods delivered to your door,200,88,6,4,9,2,54,,8
321,healthy chef meals,200,38,2.5,94,19,,,3,
323,thai beef lettuce wrap,200,2,,77,87,29,7,,1
325,meal order,200,83,4.5,4,5,8,,86,7
326,ingredients delivery service,200,87,6,2,5,3,9,21,1
329,home meal delivery plans,200,83,10,10,4,9,23,26,
330,kid friendly meal delivery service,200,12,9,45,,2,81,,
333,healthy meal kits,200,84,8,8,29,9,,3,41
334,delivered meals to cook,200,83,7,2,4,3,,23,
335,crusted cod,200,8,,12,5,18,,,29
336,recipe subscription,200,65,3,9,44,3,31,50,16
337,meal delivery service for one person,200,13,8,,64,3,45,97,
338,baked mozzarella stuffed meatballs,200,4,0.15,,85,1,,53,19
339,low carb delivery meals,200,13,6,,38,4,,7,
340,home meals delivered,200,85,5,4,6,5,13,,1
342,meals home delivery,200,84,5,4,1,6,12,,
346,meal subscription service,200,82,6,6,16,4,12,21,7
348,chef delivery,200,78,3,9,1,25,98,3,3
349,ingredient delivery,200,87,4.5,1,8,3,10,14,54
350,home fresh food,200,76,1.9,5,2,1,20,15,
354,fresh delivery meals,200,86,5,4,5,2,21,29,5
356,steak and sweet potato,200,8,0.01,8,52,,,44,
358,meals sent to home,200,90,4.5,3,5,7,10,,
360,delivery chef,200,58,4.5,56,4,58,,6,
361,meal home delivery,200,84,6,5,2,8,15,22,8
362,meals by mail,200,83,5,4,9,5,13,23,54
363,delivery meal plans,200,87,6,5,7,6,58,8,71
365,healthy delivery meals,200,48,7,14,,23,,4,1
368,broccoli calzone,200,2,,7,25,,69,,
369,home delivery food service,200,83,7,2,8,4,20,32,
373,best low carb meal delivery,200,14,,,34,5,,10,
374,recipe delivery,200,87,4,1,3,2,95,11,46
375,best food box delivery,200,51,8,10,23,13,25,37,
376,food package delivery,200,84,5,3,6,1,,52,45
377,meal ingredient delivery,200,87,6,2,4,3,9,15,29
378,fresh delivered meals,200,83,5,5,8,3,,84,22
379,home cooking delivery,200,89,6,1,2,6,8,23,3
380,fresh food delivery near me,200,84,6,8,13,1,,,48
381,order meals,200,94,3,1,7,4,9,,
384,food box delivery service,200,76,7,3,11,4,17,23,
385,gluten free meal kit delivery,200,10,11,94,,21,,6,
386,mail meals,150,83,4,3,7,2,,30,19
387,pre planned meals,150,75,3.5,5,21,13,22,37,5
388,food delivery plans,150,87,6,4,6,5,28,12,63
392,cooking box,150,24,3.5,4,95,1,54,60,
393,meals delivery service,150,84,,2,7,4,,20,12
394,meal gifts,150,17,3,6,22,10,,,
396,slice steak,150,9,,67,,74,10,,51
399,healthy home delivery meals,150,48,,13,,16,,8,
400,plate food delivery,150,76,3,6,8,,2,18,
404,home fresh foods,150,82,1.7,6,1,2,,,7
405,meals in the mail,150,83,3,4,9,3,15,41,
406,meals delivered to cook,150,83,,2,5,3,21,25,
408,prep meals delivery,150,78,6,5,21,25,,60,65
409,food deliver service,150,96,5,13,9,14,,23,7
410,shipped meals,150,84,5,4,6,3,26,,
412,green food delivery,150,24,3,38,,27,,1,5
413,green chef customer service,150,3,3,88,,29,,1,
414,fresh foods delivered to your home,150,85,4,6,5,3,40,,8
415,fresh food recipies,150,24,2.5,21,61,8,,,
417,home cooked food delivery,150,73,6,4,3,30,16,44,8
418,ground pork pasta,150,4,,1,40,25,,,3
420,mail order food boxes,150,86,7,4,11,3,12,39,10
421,home cooking services,150,58,4,9,3,59,18,38,
422,chicken recipes with mashed potatoes,150,3,0.45,8,19,43,,,2
423,food kit delivery,150,78,6,7,5,1,17,13,
424,paleo delivery box,150,12,6,22,,77,,8,5
427,dinner boxes,150,47,3,6,14,7,18,23,3
428,food delivery programs,150,58,6,9,,13,33,,7
429,delivered cooked meals,150,84,4.5,3,10,8,20,43,
430,chef meals,150,25,7,21,1,,,10,12
431,pan seared gnocchi,150,6,,68,,1,14,,
432,low carb meal delivery kits,150,14,12,,29,3,,6,9
433,home meal service,150,84,7,3,2,4,,27,
435,best home delivery meal kits,150,55,7,9,18,19,54,,26
436,deliver meals to cook,150,84,6,2,4,3,14,22,9
437,fresh food recipe,150,68,2.5,9,24,2,,100,5
438,meal delivery boxes,150,50,7,2,13,5,17,29,35
439,healthy meal service,150,44,6,15,,27,,4,39
440,green chef free trial,150,47,9,,46,94,,1,8
441,chef meal delivery,150,83,9,5,1,45,,3,12
443,steak and pasta dishes,150,6,0.01,99,8,56,,,13
444,healthy meal kit delivery,150,84,11,10,60,9,,3,
445,gluten free home delivery meals,150,9,7,,,27,70,10,
446,food recipe delivery,150,87,6,2,4,3,8,16,18
447,home delivered meal kits,150,77,7,3,2,5,23,19,15
449,vegan meal kit delivery,150,56,9,99,84,19,,2,
450,fresh meal plans,150,65,6,,59,3,,73,14
451,fresh food delivered,150,86,,3,5,1,32,31,
452,cheapest meal kit,150,33,,70,49,6,,83,6
456,food delivered to your home,150,92,7,4,6,5,68,,
457,monthly food delivery,150,85,5,5,,7,8,,4
459,healthy meal boxes,150,74,6,8,80,9,35,11,14
461,dinner kit,150,82,3.5,10,6,3,16,34,24
463,chef food delivery,150,88,6,6,1,10,,2,6
465,tilapia fish and chips,150,3,,,1,14,76,,
466,meal kit delivery for singles,150,17,10,32,22,3,36,60,
467,cook at home meals,150,84,4.5,1,2,4,16,73,5
470,organic food delivery meals,150,71,10,,21,73,,2,6
476,healthy meals delivery service,150,73,8,10,,16,,5,
477,meatballs and polenta,150,1,0.02,7,26,,15,,
478,goat cheese steak,150,1,,46,7,,37,,20
480,subscription meal boxes,150,48,,8,21,6,17,39,2
481,dinner delivery services,150,78,5,5,3,6,,28,94
483,vegetable bibimbap,150,8,,1,77,13,,,18
484,at home food delivery,150,89,4,2,4,5,12,52,45
485,healthy meal prep services,150,66,5,97,,64,,9,10
487,delivery dinner,150,70,3.5,4,3,10,,16,
489,meal delivery service for one,150,22,8,16,19,3,83,,
490,chef blogs,150,12,1.2,,16,,7,26,5
491,menu home cooked,150,26,3.5,13,6,,44,25,7
492,ready to cook meals delivered,150,33,6,3,12,17,28,84,1
494,best mail order meals,150,55,6,7,15,19,39,88,
495,shiitake mushroom noodles,150,3,0.6,6,91,27,,,
496,paleo meal kits,150,12,7,47,89,,,8,11
497,honey ginger pork chops,150,2,0.01,7,60,98,,,
499,healthy food service,150,43,5,82,,34,,4,35
500,at home delivery,150,71,2.5,11,7,12,,,23
504,meal box services,150,55,11,7,13,3,16,48,18
505,dinner kit delivery,150,78,7,7,3,2,52,16,
506,meal delivery for singles,150,17,8,24,23,3,31,86,
508,fresh meal kits,150,87,7,4,3,2,34,11,
509,green chef gift card,150,19,7,25,11,18,,5,26
510,steak and mashed potato recipes,150,2,1.8,1,83,18,,,13
511,steak and mash potato recipe,150,4,,1,54,16,,,3
512,fresh food meals delivery,150,86,6,3,4,2,54,22,13
513,steak and mashed potatoes recipes,150,2,1.8,1,71,18,,,9
514,boxed dinner delivery,150,74,6,4,8,3,13,35,1
515,cook delivery,150,93,6,1,2,3,6,5,
516,steak and mashed potato recipe,150,2,1.8,1,75,16,,,4
518,fresh box meals,150,78,4,6,9,2,,44,6
519,delivered meal plans,150,84,5,6,5,4,56,13,55
520,meal plan companies,150,83,4.5,6,12,11,24,23,13
521,tacos with pineapple,150,13,,26,44,1,,,
522,online meals,150,94,3.5,1,5,2,6,15,3
524,ready to cook meals,150,72,3.5,1,12,9,24,67,10
527,chef box,150,72,3,8,1,43,,5,5
530,free meal delivery,150,68,7,34,78,68,,5,93
531,mail order dinners,150,82,5,3,9,7,13,45,6
532,truffle grilled cheese,150,1,5,,1,13,11,,7
534,fresh meals delivered to your door,150,86,8,5,9,3,64,,7
536,meal kits for one person,150,16,7,,47,3,16,,5
539,beef bulgogi calories,150,0,,101,,9,,24,8
540,fresh dinners delivered,150,85,4.5,4,5,3,43,22,
541,dinner ingredient delivery,150,88,5,2,4,3,5,13,
542,meal box subscription,150,51,5,8,14,4,15,1,
544,subscription food service,150,35,7,12,39,9,15,33,
545,heelo fresh,150,42,6,78,,1,,85,52
548,green chef menus,150,13,2.5,,56,27,,1,4
550,fresh home delivery,150,83,3,3,2,1,,18,
551,dinner boxes delivered,150,76,5,2,8,4,12,21,5
552,best meal delivery boxes,150,47,9,11,50,20,,,3
553,cooked meal delivery service,150,46,6,6,22,32,51,27,5
554,healthy home meal delivery,150,73,7,8,88,42,,6,
555,parmesan crusted cod baked,150,8,,27,7,8,,,11
556,fresh food meal delivery,150,86,7,3,4,2,76,19,35
557,prep meal delivery,150,76,7,3,67,27,,58,1
558,steak sweet potato,150,7,2,8,70,48,,45,
559,plated meal kit,150,5,4,66,,,1,90,8
560,free trial meal delivery service,150,33,12,,21,32,8,23,
562,dinner in a box delivery,150,86,6,3,7,4,12,24,6
563,box dinner delivery,150,74,6,4,7,3,14,25,
564,dinner ingredients delivery,150,74,5,2,6,3,13,22,
565,home food delivery companies,150,77,6,7,3,9,21,39,6
566,home delivery meal service,150,84,6,4,3,5,18,25,
567,mealkits,150,77,,1,3,2,19,17,
569,cajun tilapia recipes,150,8,,19,6,22,,,9
570,recipe delivery services,150,78,4.5,2,4,3,13,19,57
571,fresh food delivery boxes,150,54,7,4,17,3,,29,4
574,cooked food delivery service,150,74,6,6,10,18,21,26,60
575,family meal delivery service,100,24,9,23,25,7,,24,
576,dinner by mail,100,89,3,2,5,3,9,19,
577,fresh cooking,100,80,3.5,8,7,1,40,,
578,order fresh food online,100,90,4,9,42,4,,,
580,plated gluten free,100,1,4.5,39,,,3,65,6
581,pre portioned meals,100,62,4.5,5,22,17,49,,8
583,home fresh recipes,100,35,3.5,9,3,1,26,69,
584,french onion soup burgers,100,3,2,,58,11,6,,
585,weekly meal delivery services,100,83,7,2,5,4,12,22,6
587,home delivery meals to cook,100,89,7,2,3,5,9,27,10
588,fresh delivered food,100,85,4,3,6,2,19,92,10
589,box dinners delivered,100,74,6,2,5,4,13,33,
590,food meal,100,59,4.5,61,13,5,,16,
591,dinner delivered to your door,100,94,5,1,9,7,,,19
592,food ingredients delivery,100,86,7,2,6,3,51,9,
593,food mail delivery,100,91,4,3,8,4,12,22,8
594,home meal delivery companies,100,78,10,10,5,11,40,31,6
596,ingredient delivery service,100,87,7,2,8,3,11,16,6
598,meal delivery subscription,100,81,10,2,13,3,12,28,5
599,pan seared barramundi,100,0,,1,92,16,,38,
600,gouda cheeseburger,100,3,,8,46,27,,,27
601,fresh dinner delivery,100,85,5,4,3,1,19,20,29
603,fresh food services,100,79,1.4,7,9,1,78,20,29
605,green chef recipe cards,100,0,,,72,63,,1,7
606,bibimbap beef,100,20,,1,,1,11,,42
607,meal box subscriptions,100,51,,7,18,9,,1,
610,meal boxes delivered,100,76,6,4,11,3,,21,
612,meal fresh,100,84,2,7,8,1,49,,16
613,moo shu spice blend ingredients,100,5,,,25,5,,94,11
614,fresh food meals delivered,100,85,6,4,5,3,67,21,60
615,boxed dinners delivered,100,83,6,3,6,4,14,28,12
616,fresh food recipes,100,30,2.5,20,32,8,,,14
618,green chef cancel,100,2,1.7,,21,20,,1,1
619,meals delivered to door,100,86,6,2,6,7,62,,
620,family meals delivered,100,15,5,14,22,11,66,23,39
621,dinners delivered to your home,100,83,5,4,3,6,18,,
622,meals online,100,92,3.5,2,6,1,,86,36
624,how to make parmesan crusted steak,100,0,0.3,27,6,70,,,7
625,dinners delivery,100,72,3,6,5,18,14,31,
626,meals shipped to your home,100,84,5,3,6,7,14,39,7
627,prepared meals home delivery,100,48,6,6,12,17,52,,
628,monthly meal delivery,100,83,6,4,11,7,,22,31
629,truffle steak,100,0,,,11,1,,38,
630,fresh food box delivery,100,76,5,4,10,2,13,20,4
634,meal box delivery service,100,75,11,3,11,5,15,20,9
635,meals ready to cook,100,83,5,1,9,8,,,13
636,shallot sauce for steak,100,3,0.02,39,34,7,35,,26
637,spanish salmon,100,1,,1,41,,,87,4
641,balsamic fig chicken,100,2,0.7,88,11,1,,33,10
643,subscription food services,100,50,5,11,26,12,14,36,45
644,single person meal delivery,100,28,5,42,45,3,25,,4
645,home delivery menu,100,9,3.5,21,6,,,60,
647,poblano chili recipe,100,7,0.02,48,15,6,,,
649,mail food service,100,77,3,4,9,1,,31,
651,subscription meals,100,81,5,2,15,3,11,20,5
652,parmesan crusted steak recipe,100,0,,28,7,90,,,
653,gluten free meal kits,100,13,8,85,,26,89,6,4
654,mashed potatoes and steak,100,2,,1,86,13,,,8
655,parmesan crusted cod recipe,100,8,,23,5,6,,,13
656,team green chef,100,15,2.5,89,,10,,1,1
658,freshcooking,100,80,1.6,9,8,1,36,,
659,home cooking food delivery,100,89,6,1,2,8,11,19,8
662,cooking delivery service,100,84,6,2,4,3,14,12,8
663,fresh foods delivery,100,90,4,4,8,2,20,67,
665,home meal plans,100,83,6,8,4,9,,43,7
667,steak and mashed potatoes recipe,100,1,1.9,1,79,18,,,8
668,green chef box,100,27,7,98,,36,,1,73
670,cook at home meal delivery,100,89,7,2,3,4,9,20,25
672,meal delivery gift card,100,43,,4,3,5,,,22
673,za'atar breadcrumbs,100,2,,71,,76,1,,
674,meal kit for one person,100,21,,,43,3,19,,
676,homechef.com login,100,43,,,1,,60,72,7
677,healthy food delivery box,100,73,10,15,69,11,,4,1
678,meal plan boxes,100,39,5,6,16,10,15,33,
679,weekly meal delivery service,100,83,9,7,6,11,,24,1
681,boxed meal delivery,100,74,,3,9,4,,25,
682,healthy food delivery services,100,51,,14,,28,,4,49
683,baked chicken with tomato and mozzarella,100,15,,8,86,88,,,
685,food box services,100,46,6,11,15,9,13,57,3
686,parmesan crusted chicken pasta,100,6,2.5,21,69,1,,,
690,food delivered to your house,100,97,4.5,5,4,10,,,6
692,tomato flatbread,100,7,0.6,,15,8,,56,16
693,smoked gouda burger,100,3,,7,36,24,,,
695,shaved vegetable salad,100,2,4.5,,33,62,6,,
697,shrimp tagliatelle,100,19,,76,,1,46,,
698,dinner delivery boxes,100,76,5,5,11,7,14,25,5
699,food shipped to home,100,91,3.5,2,5,4,9,50,32
700,meal delivery healthy,100,79,6,9,37,23,,6,22
702,health food delivery services,100,41,3.5,59,,52,,6,5
704,healthy food online delivery,100,75,6,14,,31,,6,
705,pork bibimbap,100,0,,,1,1,98,,35
709,meal packages,100,52,0.45,9,95,2,50,,5
710,low carb delivery options,100,13,3.5,,46,6,,16,19
712,home food delivery kits,100,78,,3,2,4,,22,
713,ingredient delivery services,100,76,,2,9,4,13,19,44
716,hallo fresh,100,43,,72,,1,,84,36
717,https //www.homechef.com login,100,46,,,1,,52,53,
718,meal services near me,100,74,,6,14,16,77,36,
720,home delivered food,100,83,7,1,5,7,15,33,51
721,meal plan kits,100,84,5,6,7,3,16,9,27
722,meal kit delivery for one person,100,17,9,,55,3,29,,10
723,shiitake mushroom ramen,100,7,,8,,1,97,,
726,meal kits for one,100,29,4.5,18,31,2,12,101,1
727,cajun cod recipes,100,2,2,8,,87,,42,
728,buy meals online,100,90,4,1,5,2,11,80,6
730,baked chicken mashed potatoes,100,2,,1,33,40,,,
733,meal subscription for one person,100,20,9,35,49,3,17,,11
735,grocery box delivery,100,80,6,4,,5,,23,23
736,meal prep home delivery,100,86,6,5,6,11,42,21,26
737,cherry glazed pork chops,100,3,0.04,57,26,1,,,36
739,roast steak in oven,100,17,0.25,,38,93,4,,
740,family meals delivered to your door,90,81,8,3,8,13,81,,10
741,meal delivery fresh,90,86,5,5,4,3,20,73,
742,order meal plans,90,87,5,4,8,2,83,27,5
743,home dinner delivery service,90,77,9,10,2,8,22,34,
744,green apron delivery,90,7,4,5,,51,,2,9
746,meal delivery for one,90,26,,17,24,2,,,30
748,fresh apron,90,57,4,1,,5,73,,10
749,peperonata pasta,90,3,,1,,9,,58,
750,dinner delivery kits,90,77,,3,4,5,18,15,74
751,best meal delivery for families,90,12,6,80,59,8,,70,12
752,food sent to home,90,87,4,4,5,3,8,80,5
756,paleo meal kit delivery,90,12,10,56,93,,,6,
758,low carb meal service,90,10,,,20,4,,7,
759,healthy meals delivery,90,48,,16,,24,,7,
760,meal ingredients delivered,90,78,4.5,3,6,2,,18,2
761,delivery meals to cook,90,83,6,2,3,4,12,16,1
762,healthy meal subscription box,90,49,9,10,69,9,19,20,6
763,cajun tilapia recipe,90,4,0.3,20,7,22,,,46
765,single serving meal delivery,90,16,6,100,22,2,33,,14
768,parmesan crust recipe,90,1,,72,7,37,,,5
769,meal ingredient delivery services,90,76,7,2,8,3,13,21,
770,recipe companies,90,78,1.3,4,2,12,,15,1
771,dinner delivered to your home,90,84,4,5,3,6,,,22
772,fresh food delivery to home,90,83,6,4,3,5,,51,71
773,truffle butter steak,90,1,0.02,,35,1,,29,23
775,boxed meals to cook,90,86,5,2,9,3,11,33,2
776,oven ready meals,90,17,1.3,91,1,67,,,
777,home cooking delivery service,90,84,8,2,1,5,,23,5
779,gluten free home delivery,90,12,4,,,26,82,8,
780,food delivery recipes,90,77,4.5,1,3,2,71,15,
781,eat fresh delivery,90,68,2.5,58,35,1,76,68,
782,cooking subscription,90,12,2.5,21,69,4,35,47,
784,home prepared meals,90,83,4.5,5,7,11,22,,
785,boxed meals delivered,90,74,6,3,6,4,15,27,102
786,ingredients website,90,82,0.01,6,,23,53,,86
787,food service delivery companies,90,76,7,7,6,4,17,22,7
788,online dinner delivery,90,94,7,1,3,2,8,20,
790,fresh ingredient meal delivery,90,86,7,2,4,3,8,16,39
791,crusted cod recipe,90,7,,20,5,17,,,
794,prepped food delivery,90,70,,7,100,43,,49,5
795,home delivery meals for one,90,33,9,14,20,3,,91,7
797,chicken parm salad,90,2,2.5,56,43,1,,,3
799,dinner meals delivered,90,83,7,1,2,6,14,27,27
800,fresh ingredients delivered,90,87,6,1,3,2,4,22,
802,spanish salmon recipes,90,0,,1,29,,,71,
803,dinner kits delivered,80,78,5,5,3,4,,13,
804,food and recipes delivered,80,86,5,2,4,3,,15,7
805,home delivery dinner,80,84,5,4,1,7,,24,3
808,fresh home food delivery,80,84,5,7,4,2,20,27,
809,smoked gouda burgers,80,2,,5,33,21,,,7
810,chimichurri pork chops,80,1,,,6,7,,39,2
811,food shipping services,80,74,2.5,6,20,14,,44,7
812,thanksgiving dinner in a box,80,6,1.1,43,,2,36,,
814,dinner ingredients delivered,80,76,7,2,5,3,87,15,
815,meal delivery options,80,84,10,2,6,5,,21,99
816,sweet potatoes and green beans,80,0,,54,22,1,,,7
817,gourmet meal delivery services,80,54,5,17,65,22,,7,
818,fresh cook,80,81,2.5,6,3,1,,41,
819,truffle butter recipe for steak,80,0,,,42,1,,33,17
820,box meal,80,39,5,5,66,4,79,48,19
822,meal ingredient delivery service,80,77,5,2,10,3,,22,14
823,family meal delivery services,80,12,6,21,30,8,90,25,
824,recipe delivery boxes,80,54,5,3,15,2,,20,9
827,chef meal kits,80,72,7,5,1,32,92,3,8
828,stuffed poblano peppers ground beef,80,6,,6,,71,,72,
829,korean pork taco recipe,80,6,,10,1,59,,,26
834,low carb food delivery service,80,14,9,,60,5,,10,
835,meal deliver service,80,82,,8,5,10,27,25,4
839,cooking boxes delivered,80,73,4.5,2,7,3,13,17,
840,meal delivery service for singles,80,17,7,25,19,3,39,69,11
841,weekly food delivery service,80,89,9,3,2,5,12,47,6
842,keto diet home delivery,80,25,,,93,41,,4,
843,meal service near me,80,73,,3,12,10,58,38,4
844,low carb meal kit,80,12,,,18,3,,5,7
845,cooking kits,80,52,,9,21,7,18,81,5
847,boxed meal kits,80,54,8,4,14,6,16,30,
848,healthy organic meal delivery,80,77,8,92,,96,,3,3
849,green chef contact,80,3,5,,59,50,,1,77
850,home fresh food delivery,80,84,6,4,1,2,,28,47
851,green meal delivery,80,29,4,36,31,,,1,5
852,home meal services,80,83,4.5,4,3,6,21,27,10
853,meals order online,80,94,3.5,2,4,5,,67,
855,fresh home delivery meals,80,83,7,5,6,3,,22,19
856,healthy food home delivery service,80,46,8,18,45,28,,7,4
857,food delivery kits,80,78,,6,7,5,94,15,59
858,organic meal delivery services,80,60,,34,29,60,,3,10
859,healthy meal delivery kits,80,84,,7,21,10,77,3,
860,healthy meals sent to your home,80,74,5,7,16,12,,44,
861,what to serve with cauliflower steaks,80,1,,1,95,86,,,
863,green chef logo,80,12,1.7,90,23,,,1,
864,steak potatoes and broccoli,80,8,,3,53,40,,81,
866,fresh meal service,80,86,4,7,4,2,,19,97
867,meal home delivery services,80,77,6,8,12,11,,31,
868,food and recipe delivery,80,87,5,2,5,3,9,18,
869,baked fusilli,80,0,,89,,1,,52,10
870,home delivery of meals,80,83,7,3,1,7,,28,18
871,mail delivery meals,80,83,7,3,7,5,,24,
872,complete meals in a box,80,75,3,7,9,1,36,84,7
873,how to make parmesan crust,80,2,,86,7,33,,,
875,plated first week free,80,20,2.5,41,,57,1,77,77
876,fresh food online,80,86,3,7,29,1,,,
877,plated free box,80,6,6,25,,100,1,,1
878,dinner subscription,80,55,5,5,13,7,14,22,17
879,vegetarian meal subscription,80,60,6,62,59,10,92,5,7
880,mail order meals to cook,80,84,4,3,4,5,17,23,1
883,steak and kale,80,1,0.25,4,,26,17,,1
884,recipe and food delivery,80,89,3,2,4,3,10,22,58
885,cook at home delivery,80,84,5,2,4,6,,20,4
886,home.chef menu,80,9,,79,1,,,58,2
887,hllo fresh,80,39,,79,,1,,90,47
888,vegetarian meal subscription box,80,59,7,44,75,9,,7,55
889,gluten free meal box,80,15,7,50,,21,,8,
890,green chef delivery,80,25,9,57,64,36,,1,21
891,meal order service,80,84,5,1,7,5,,22,4
892,home delivered meals to cook,80,83,4.5,1,3,6,14,29,1
895,meal companies,70,79,4,2,14,6,,11,17
896,mediterranean steak recipe,70,1,0.4,,59,8,,97,6
898,food delivery to home,70,92,6,4,2,8,,24,
899,meal kit subscriptions,70,59,11,10,24,7,14,57,1
900,online meal delivery service,70,84,8,1,7,5,,18,20
901,healthy meal delivery plans,70,40,7,57,,32,,6,
902,home cooked meal delivery,70,73,6,4,3,26,21,34,1
903,polenta and meatballs,70,1,,7,30,,12,,3
905,green chef meal delivery,70,26,12,93,,44,,1,20
906,gouda cheese burger,70,3,0.45,8,30,27,,,94
908,fresh food delivered to your door,70,85,6,6,7,2,,,11
909,home cooking app,70,12,0.9,18,9,98,55,,82
911,deliver fresh,70,92,5,5,11,3,,,
912,meals delivered to my home,70,82,8,6,4,10,28,,
915,fresh food delivery companies,70,84,6,9,4,5,,14,4
916,food meals delivery,70,84,4,2,3,5,78,18,7
917,steak caprese,70,5,,,29,2,18,,16
918,fresh meals delivered to your house,70,83,6,6,5,3,21,,90
919,organic chef,70,1,1.9,,92,99,,1,17
920,healthy food box delivery,70,73,6,14,44,10,54,5,23
922,meal service for one,70,30,5,16,27,3,17,67,
925,gourmet meals delivered to your door,70,32,4.5,42,22,3,,,
926,recipes and ingredients delivered,70,87,9,2,4,3,6,25,26
927,mailed meals,70,84,2.5,3,7,2,12,96,
928,dinner box subscription,70,41,5,8,14,7,56,21,5
929,recipe menu,70,49,4,23,66,5,,48,7
930,cook box,70,65,1.6,3,44,1,55,66,9
932,low carb meal plan delivery,70,14,,,52,3,,8,8
933,meal.delivery services,70,77,,9,7,10,38,32,3
934,plated .com,70,65,,9,,46,1,,
935,lunch meal kits,70,39,,28,9,2,23,29,
938,bucatini alfredo,70,0,,1,1,26,,,
939,delivered fresh food,70,85,5,4,7,2,,98,
940,home delivered meal services,70,84,7,5,7,9,,37,6
941,health meal delivery service,70,44,7,44,,48,,5,11
942,plated menu next week,70,22,4,51,41,,1,14,34
943,health food delivery box,70,72,6,16,,9,,7,87
944,steak and sweet potatoes recipe,70,8,,8,82,19,,61,
945,recipe and ingredients delivered,70,82,4,2,6,3,95,18,
947,cooking service,70,40,,5,12,22,18,24,98
948,boxed dinner kits,70,51,,6,13,3,15,47,11
949,homefresh login,70,79,,7,3,1,,60,9
950,hwllo fresh,70,44,,60,,1,,82,4
951,organic meal delivery chicago,70,24,7,43,36,60,90,8,1
952,ready to make meals,70,84,3.5,1,8,3,13,,20
953,fresh food service,70,86,1,3,10,1,,12,
958,sweet dinners,70,1,,6,,72,,39,4
959,green chef app,70,16,3,29,43,18,,1,7
960,deliver meals,70,83,4,4,7,5,,87,
961,fig sauce for chicken,70,2,,39,10,6,15,27,
964,fresh food delivery online,70,89,8,4,5,1,12,11,17
965,meals to door,70,83,3.5,1,7,3,,62,22
967,green apron food delivery,70,31,4.5,2,15,14,,1,
969,meal kits for families,70,8,5,33,37,2,,81,91
970,food delivery fresh,70,86,5,3,4,1,,44,1
971,steak and sweet potato recipe,70,9,,8,64,19,,50,8
972,fresh food delivered online,70,92,,4,5,1,10,13,
973,food delivered to cook,70,89,6,2,6,3,10,20,
974,pre planned meal delivery,70,82,6,3,10,5,,24,
975,ground beef stuffed poblano peppers,70,6,,6,,65,,81,5
976,fresh dishes,70,33,,21,62,4,,,
977,weekly food delivery services,70,83,7,8,2,7,,24,8
979,recipe and ingredients delivery,70,77,5,3,4,2,90,19,9
980,meals online delivered,70,92,2.5,2,4,3,,19,7
981,healthy fresh food delivery,70,75,6,7,18,6,,20,
982,weekly food box,70,46,7,10,12,7,15,36,
983,plated menu this week,70,14,4,33,,,1,59,
984,roasted steak recipes,70,12,0.15,,18,85,4,,
985,fresh cooked meals delivered,70,42,6,10,32,17,83,,11
986,1 person meal delivery,60,12,6,30,37,3,23,,
988,green farro,60,0,0.7,,90,1,,94,4
989,paleo mail order meals,60,16,3.5,23,81,73,,11,8
990,baked chicken and mashed potatoes,60,2,,1,35,32,,,
991,mail order meal plans,60,83,5,5,9,3,15,23,
992,vegetable tartine,60,1,,69,1,,,25,
994,meal.delivery service,60,84,,7,5,3,22,21,70
995,food.delivery service,60,96,,9,22,14,,50,1
997,cooking boxes,60,23,,5,16,8,17,29,11
998,steak mashed potatoes,60,4,,1,92,18,,,2
999,seared gnocchi,60,2,,23,,1,7,,
1001,ginger teriyaki salmon,60,12,,,8,50,26,,8
1002,roasted steak recipe,60,12,0.06,99,16,78,3,,5
1003,dinner box subscriptions,60,80,5,8,,7,11,21,19
1005,food delivery to cook,60,89,6,2,4,3,9,18,86
1006,prep food delivery,60,81,5,5,16,17,,29,
1007,food delivery for one person,60,14,4.5,50,23,3,,94,14
1008,sweet potato and green beans recipe,60,0,,26,21,1,,,
1009,chef meals delivered,60,83,6,5,1,66,,4,35
1010,fresh login com,60,24,0.03,85,19,6,,,8
1011,chicken demi,60,0,,85,1,81,,,1
1012,free meal kit trial,60,30,,,35,31,11,33,
1015,plated prices per meal,60,21,5,24,,83,5,,9
1017,meal subscription box for one,60,15,8,16,42,3,15,34,5
1018,green chef food delivery,60,25,10,97,81,35,,1,
1019,paleo food box,60,12,4.5,66,,37,,8,
1020,dinners delivered to home,60,84,4,3,1,6,11,46,4
1022,planned meals delivered,60,86,7,3,5,8,,46,13
1023,mail meal plans,60,83,5,5,9,3,,18,
1024,green chef meal,60,22,3.5,96,,50,,1,
1026,kimchi for breakfast,60,6,,64,,97,5,,11
1027,mail order food service,60,83,4.5,4,9,7,,23,62
1028,meals mailed to home,60,89,6,3,5,4,9,,7
1029,dinners delivered to your door,60,85,4,3,4,9,,,
1030,meal delivery company,60,76,5,3,1,11,19,16,
1031,meals shipped,60,84,3.5,3,9,5,,,3
1032,shrimp tacos nutrition,60,0,,63,8,75,,,10
1033,fresh plan,60,38,2.5,78,26,5,,81,
1034,green box food delivery,60,24,9,13,16,5,,1,1
1036,green chef denver,60,11,3,81,,33,,1,
1037,mail order meal kits,60,77,6,7,9,6,32,17,31
1038,dinner online,60,82,2,1,5,15,40,,
1039,dinner to your door,60,31,3,3,5,14,22,32,1
1041,low carb meals delivered to your home,60,9,8,,24,4,,9,21
1045,meals delivered to cook at home,60,83,5,2,3,5,12,39,2
1046,mail order food services,60,83,4,6,11,5,15,33,5
1047,hoisin glazed pork chops,60,0,,7,85,69,,,11
1049,home delivery companies,60,77,3.5,7,1,10,19,27,7
1050,home delivery food services,60,77,6,6,9,8,,28,24
1051,meals shipped to your house,60,89,4.5,3,6,7,11,,27
1052,chef login,60,15,,67,3,51,,13,
1053,freshly log in,60,49,,53,12,7,,,14
1058,apron food delivery,60,60,5,1,,12,39,37,10
1060,ground pork ragu,60,4,,8,,72,,70,23
1061,sesame chicken noodles,60,3,,1,92,25,,,
1065,fresh delivery food,60,90,5,3,4,1,,25,
1067,pearl rice recipe,60,0,0.7,26,,,8,95,1
1069,meal plans delivered to home,60,83,8,6,5,9,22,26,15
1071,green chef address,60,5,,23,,19,,2,32
1073,seared barramundi,60,0,,1,,11,,44,
1075,steak and goat cheese,60,2,,61,6,,42,,
1076,menu delivery service,60,89,5,3,4,5,95,11,
1077,fresh website,60,94,1,6,7,2,,,5
1079,food home delivery companies,60,76,4,5,4,9,19,34,77
1080,plated delivery area,60,24,1.8,23,,,1,42,6
1081,farro salad with asparagus,60,7,,69,8,52,,,60
1082,dinner box delivery,60,86,7,5,8,6,12,24,
1085,recipe subscription box,60,7,4,9,79,5,63,92,5
1087,companies that deliver meals,60,83,4,3,9,7,17,29,3
1089,corn flatbread,60,0,0.45,22,1,31,,70,
1090,recipe box delivery,60,84,6,2,12,3,,19,55
1091,meal mail,60,87,5,3,4,2,10,37,5
1092,lunch meal delivery,60,51,6,21,30,6,64,87,
1093,low carb home delivery,60,14,4,,20,4,,8,28
1094,grocery meal delivery,60,86,4,3,4,2,16,21,5
1095,delivery meal kits,60,78,3,5,6,4,51,15,
1096,portioned meals delivered,60,73,7,5,8,66,75,,100
1097,parmesan crusted chicken sides,60,5,3.5,1,83,23,,,5
1098,meal plans delivered to your home,60,83,8,6,2,7,24,67,
1099,teriyaki ginger salmon,60,12,,,4,35,39,,1
1101,fresh start food delivery,60,2,5,24,10,5,77,45,101
1102,shrimp collards and grits,60,0,0.01,2,,28,,88,8
1103,delivered food plans,60,83,3.5,5,11,8,,20,8
1105,meal food delivery,60,82,5,6,8,4,23,25,9
1107,steak and kale recipe,60,0,0.6,1,,21,14,64,8
1109,crispy chicken milanese,60,8,,15,,1,101,,
1111,meals sent to your door,60,84,5,3,7,6,,,84
1112,packaged food delivery,50,75,5,3,15,4,81,40,24
1115,vegetarian meal delivery kit,50,60,,94,63,12,,5,
1119,best meal service for singles,50,20,,44,43,4,67,97,1
1123,green chef headquarters,50,3,,39,47,12,,3,33
1124,food recipe delivery services,50,77,11,2,5,3,14,26,78
1125,food delivery to cook at home,50,89,8,2,3,4,9,20,
1127,food meal delivery service,50,84,7,1,4,3,,11,
1128,cajun shrimp tacos recipe,50,3,,21,5,64,,,16
1131,chef delivery service,50,35,9,13,2,37,59,8,7
1132,food kits delivered,50,77,4.5,4,3,2,19,13,91
1133,meal box delivery services,50,55,6,3,17,5,,34,
1134,meals to home,50,84,3.5,4,2,7,,,43
1135,free plated meals,50,28,4,9,,,1,27,3
1137,green chef customer service number,50,3,3.5,71,,28,,1,40
1138,honey hot chicken,50,3,,95,76,5,,,73
1139,pineapple taco,50,13,,36,62,1,,,
1141,best meal kits for families,50,11,,51,71,4,,96,
1142,ready to cook meal delivery,50,85,,2,7,10,,41,
1143,online meal service,50,91,7,2,4,3,8,10,
1144,weekly meal service,50,83,5,11,1,6,,37,
1147,best food meal delivery,50,53,6,10,17,14,83,,1
1149,healthy meals online,50,82,4.5,4,,7,72,12,27
1150,meal plans delivered to your door,50,83,7,6,7,8,,88,9
1151,green chef delivery areas,50,17,20,35,24,30,,1,28
1152,green chef location,50,12,,75,84,14,,3,
1155,vegetarian meal kit delivery,50,60,9,,52,12,,5,
1156,ship to home meals,50,89,6,1,3,5,9,47,6
1157,penne pasta bolognese,50,4,,7,88,31,,,
1158,home meal,50,86,7,3,1,2,83,96,37
1160,meals mailed to your home,50,89,6,5,6,4,12,,
1162,demi glace chicken,50,1,0.9,69,1,65,,,
1163,family meal kits,50,8,,30,21,3,,23,
1167,family meal service,50,8,4.5,45,21,10,,22,
1170,in home cooking service,50,44,0.9,15,6,30,,52,8
1171,food home delivery service near me,50,97,4.5,11,10,21,,,
1172,korean fish tacos,50,1,,,1,51,26,,8
1173,food home delivery services,50,83,6,4,6,8,18,14,41
1174,meal kit service for one person,50,20,9,,42,3,39,,48
1175,boxes of food delivered,50,79,6,7,18,8,12,,7
1176,organic meal delivery denver,50,12,7,48,37,55,,7,2
1177,1 meals,50,15,,44,,4,,30,
1178,food prep delivery near me,50,79,6,6,86,33,99,85,
1179,hoisin steak,50,1,,50,47,8,,,19
1180,meal deliver,50,83,7,5,7,11,42,34,
1183,breaded pesto chicken,50,4,,,27,6,,51,12
1184,roasting steak,50,7,,,23,45,3,,
1185,cheap meal delivery kits,50,42,,23,27,6,48,84,
1188,healthy meal services,50,37,,22,,24,,8,21
1189,meal recipe delivery,50,89,8,2,5,3,99,9,26
1192,recipe ingredients delivery,50,88,5,2,4,3,5,16,11
1193,fresh food delivery company,50,84,4.5,4,8,2,,21,
1194,delivery of meals,50,89,,3,5,4,8,23,6
1196,fresh food delivered with recipes,50,83,4,2,3,1,,18,43
1197,glazed salmon with broccoli rice,50,0,,2,34,,,91,7
1199,home delivered dinner,50,84,4.5,2,1,3,,34,31
1200,fig balsamic pork tenderloin,50,2,,,12,2,,41,9
1201,recipe ingredient delivery,50,87,5,2,4,3,7,15,
1202,delivery fresh food,50,88,6,2,4,1,16,37,12
1203,box meal service,50,56,5,3,13,2,14,20,4
1204,cod tomato stew,50,2,,1,5,7,,,
1205,food delivered at home,50,92,5,3,4,8,17,24,2
1207,boxed meal services,50,74,5,3,9,5,16,35,15
1208,pesto panko chicken,50,0,,,46,1,,13,3
1209,food boxes delivered,50,73,6,5,11,2,15,24,
1210,boxed meal,50,79,5,7,13,4,11,29,
1211,meal subscription plans,50,54,4.5,8,17,10,14,27,
1213,fresh boxes,50,57,3,8,12,1,,,87
1214,home deliver meals,50,85,7,2,3,6,,,30
1215,online meal delivery services,50,84,,2,5,1,21,17,
1216,meal kit recipes,50,70,8,3,4,5,10,51,1
1218,food delivery to house,50,97,5,11,3,10,,,14
1219,free meal box,50,44,10,13,90,20,14,9,1
1220,box food online,50,91,6,3,6,4,,19,
1222,best home meal kits,50,51,15,11,14,20,64,85,
1223,healthy mail order food,50,33,3.5,22,,15,,7,9
1224,meal order delivery,50,94,6,3,6,2,12,24,
1226,low carb diet delivery,50,13,5,,53,4,,8,15
1228,chicken zucchini parmesan,50,9,,76,70,6,,,
1229,bulgogi bowl recipe,50,7,,,72,1,,83,
1231,food delivery at home,50,92,6,2,3,10,12,27,3
1232,food ingredient delivery,50,87,4,2,7,4,9,17,9
1233,pork chop and mashed potato recipe,50,2,,5,84,24,,,1
1234,food to home,50,92,3,4,3,5,50,,26
1235,subscription food delivery,50,50,6,6,16,8,14,34,
1236,shrimp and collard greens,50,0,,23,,5,,13,7
1237,mashed potatoes and chicken recipe,50,2,2.5,7,24,30,,,
1238,food in a box delivered,50,52,5,3,18,4,,22,
1239,dinners by mail,50,77,4,4,8,7,,50,12
1240,fresh meals home delivery,50,84,7,5,4,3,,32,
1241,ingredients and recipes delivered,50,87,4,2,4,3,7,18,9
1242,box of food delivery,50,73,6,4,12,3,13,19,
1244,uncooked meal delivery,50,66,6,1,3,6,39,80,16
1245,food delivered weekly,50,90,8,4,3,5,12,45,
1246,food delivered home,50,92,7,3,2,7,,25,29
1247,foods delivered to your home,50,83,5,4,3,7,26,,1
1248,food fresh delivery,50,90,3.5,5,7,1,,91,3
1249,home fresh delivery,50,83,3.5,5,1,2,,32,
1250,best food home delivery service,50,78,8,8,10,9,54,64,
1251,meal planning delivery,50,83,6,5,,6,49,7,
1255,meal delivered,50,73,6,4,3,11,,87,
1256,parmesan encrusted cod,50,7,,12,1,5,,,25
1257,delivery meal prep,50,81,2.5,4,96,14,,15,
1258,best home delivered meals,50,59,8,9,13,16,,,
1259,meals delivered to your home to cook,50,83,6,3,4,5,17,69,
1260,plated food delivery reviews,50,7,5,37,,63,10,82,
1261,fresh chef delivery,50,82,4,13,1,9,,10,
1263,meal kit delivery companies,50,77,15,10,8,11,69,19,1
1264,low carb prepared meals delivered,50,7,6,,98,6,,13,5
1265,menu delivery services,50,92,5,3,4,5,7,9,43
1266,crusted cod recipes,50,7,,28,5,18,,,
1267,plate delivery,50,66,5,9,26,,2,24,75
1268,food in a box delivery,50,87,3,2,7,3,9,25,1
1269,healthy food plan delivery,50,51,7,53,,71,,5,19
1270,recipes delivered,50,86,3.5,1,3,2,7,16,
1271,sesame chicken and noodles,50,6,,5,66,37,,,
1272,gift meal delivery,50,24,5,6,20,16,,,
1274,berbere chicken recipe,50,5,,1,8,19,32,93,16
1275,home recipe delivery,50,89,6,2,3,4,8,18,
1276,food delivery meal kits,50,78,8,3,8,6,,13,
1277,online healthy food delivery,50,73,3.5,9,85,16,,6,13
1278,gluten free delivery service,50,12,5,,,26,90,7,62
1279,vegetarian box,50,55,3.5,30,,6,,8,
1280,food delivery weekly,50,83,5,4,2,8,,29,
1281,home delivery foods,50,92,7,3,2,8,17,20,12
1284,healthy boxed meals,40,54,,6,83,13,96,22,5
1285,pre-packaged meals,40,44,,5,,13,83,,5
1286,gluten free meal kit,40,10,,74,,19,95,7,
1288,cheap meal kit delivery,40,43,,27,29,5,60,73,6
1290,how do i cancel green chef,40,2,,,19,17,,1,9
1291,fresh food delivered to your home,40,83,6,6,5,3,36,21,
1292,food to door,40,95,4.5,3,84,4,,,
1293,dinner food delivery,40,83,8,3,4,5,15,31,52
1294,get dinner,40,65,,84,3,4,,56,7
1295,best cooking delivery service,40,55,3.5,7,19,14,,50,
1296,monthly meal box,40,25,5,10,19,8,16,48,16
1297,balsamic demi glace,40,1,,38,1,16,,,4
1298,food delivery monthly,40,17,6,10,18,4,15,,9
1300,ready cook meals,40,84,3,3,9,11,46,,15
1301,stuffed poblano peppers with ground beef and rice,40,6,0.02,5,38,36,,,86
1303,meals delivered to home to cook,40,83,8,2,3,8,,23,10
1304,vegan meal delivery kits,40,58,,44,71,22,,3,36
1307,at home food delivery services,40,76,11,4,3,5,26,47,
1308,meal website,40,93,1.2,3,5,2,7,13,14
1309,paleo meal subscription box,40,12,11,30,,77,,9,12
1310,go fresh food delivery,40,83,4.5,9,3,1,28,30,
1311,ground pork and pasta recipes,40,5,1.9,6,39,38,,,3
1313,dinner that delivers,40,29,2,24,11,27,,42,3
1314,healthy meal box delivery,40,82,9,10,80,12,64,4,
1316,ginger ponzu sauce,40,1,,50,8,,,31,6
1317,best organic meal delivery service,40,43,11,61,65,,,7,
1318,vietnamese chicken rice,40,1,,39,,1,90,,
1321,meal prep kits delivered,40,78,10,4,9,10,32,14,6
1323,top home delivery meals,40,57,5,8,16,18,,,2
1324,chicken schnitzel sides,40,5,,3,29,95,,,
1325,best home cooking delivery,40,58,13,11,9,17,30,32,30
1326,mail order food plans,40,83,4,6,9,4,15,22,7
1328,dinners delivered to your house,40,89,4,4,3,6,12,,40
1330,online food companies,40,93,4.5,10,79,21,70,73,
1332,food preparation companies,40,70,4.5,5,15,16,40,30,51
1333,spanish tilapia recipes,40,2,,1,45,,,56,
1334,online meals delivered,40,92,4,2,5,3,,17,14
1335,dinner delivery companies,40,77,8,8,6,11,23,25,7
1336,truffle butter on steak,40,0,,,51,1,,27,
1337,ready to make meals delivered,40,89,7,3,7,8,11,,
1341,fresh food to go,40,29,3,69,62,8,,71,13
1342,meals sent to you,40,89,4.5,3,5,4,11,81,
1343,mail order dinner kits,40,77,5,5,8,4,18,25,
1344,complete meals delivered to your home,40,82,5,3,4,12,60,,2
1345,meal delivery system,40,59,5,,9,10,33,19,
1346,fresh food to your door,40,87,5,1,7,3,93,,
1347,meal ingredients delivered to your home,40,84,10,4,5,3,38,20,2
1348,pre portioned meals delivered,40,79,7,4,10,27,60,,1
1349,meals sent to your house,40,89,5,3,4,7,12,,
1353,box meal kits,40,56,,3,12,2,16,25,4
1354,meal service companies,40,77,,6,10,9,35,23,
1358,mail.order meals,40,83,4.5,2,7,3,14,21,
1359,meal delivery servies,40,83,,8,6,5,43,21,28
1360,fresh chef meals,40,47,,13,2,11,,18,
1361,order meal,40,75,,5,28,23,,,64
1362,homefresh meals,40,40,,10,1,2,,40,24
1363,thanksgiving dinner box,40,12,,32,,3,75,,9
1366,food kit delivery services,40,77,11,11,9,5,23,21,75
1367,new meal delivery services,40,77,9,4,9,8,35,28,1
1369,meal kit company,40,78,,8,9,5,17,14,
1370,cherry balsamic pork chops,40,1,,25,,1,,34,3
1371,ordering meals online,40,92,,5,4,1,15,37,8
1373,best meals delivered to your home,40,58,4.5,10,14,21,,,25
1374,chef phone number,40,14,,62,1,,,4,18
1375,meal plans for singles,40,8,,88,45,2,67,84,
1376,cooking companies,40,81,,3,5,12,4,11,
1377,pre planned meals delivered,40,83,6,3,8,9,14,34,
1378,cod papillote,40,2,,8,,12,3,,65
1379,recipe in a box,40,30,2.5,3,35,1,58,,4
1380,eat fresh food delivery,40,72,5,13,32,2,,46,11
1381,fresh meals to your door,40,85,3.5,4,9,3,60,,14
1382,cook at home food delivery,40,83,5,2,3,7,,26,17
1383,fresh and easy meals,40,27,4.5,65,1,8,,,
1384,online meal ordering,40,92,5,2,6,3,,22,22
1385,dinner delivered to home,40,84,4,5,1,7,12,69,
1386,meal kit subscription,40,59,6,7,27,3,,21,1
1387,cod stew with tomatoes,40,7,,1,9,16,,,
1388,meal prep and delivery,40,81,6,5,,13,,20,23
1389,best cook at home meal delivery,40,54,3.5,7,6,14,39,61,4
1391,parmesan crusted cod fillet,40,8,,29,5,6,,,
1392,steak and kale recipes,40,0,1.9,1,,19,,61,10
1393,barramundi recipe pan fried,40,0,0.6,1,73,38,,82,
1394,mash potato and steak,40,2,,1,77,9,,,39
1395,ordering meals to be delivered,40,89,,3,7,5,11,79,46
1398,delivered food boxes,40,51,7,3,16,4,18,29,45
1400,fresh recipes delivered,40,85,4.5,3,4,2,,18,
1401,box of food delivered,40,51,6,2,13,3,,20,
1403,medium dice potato,40,0,,7,,31,,78,3
1404,hoisin burgers,40,3,,8,,12,,30,7
1412,meal ingredients,40,82,0.6,4,32,9,15,20,11
1413,make your own dinner,40,12,0.35,56,37,7,39,,7
1414,steak and corn on the cob,40,0,,15,8,11,,,
1415,uncooked meals delivered,40,66,7,1,3,5,29,54,7
1417,one time meal delivery,40,44,11,7,12,2,,,1
1419,gluten free meal subscription,40,13,6,84,,20,75,7,8
1420,barramundi recipes pan fried,40,0,0.15,1,81,38,,,
1421,potato steaks,40,0,1.8,59,53,1,,,9
1422,steak mashed potatoes and asparagus,40,2,,37,1,13,,,
1423,shallot demi glace,40,0,,89,12,1,,,
1424,ponzu noodles,40,1,,12,4,,,34,
1425,order meals to cook,40,89,3.5,1,3,2,8,17,
1426,dinner order,40,90,1.5,5,46,87,,,6
1427,deliver fresh food,40,93,4.5,1,5,3,,26,
1428,monthly meals delivered,40,74,5,5,15,6,,24,
1429,packaged meal delivery,40,83,6,5,7,6,15,39,
1430,shipping meals,40,77,5,4,8,9,73,,
1432,fresh food delivered to home,40,85,6,4,5,2,80,18,
1435,meal ingredients delivery,40,75,7,2,7,3,13,25,1
1437,chicken parm with fresh mozzarella,40,33,,7,,41,43,,4
1438,online meal order,40,92,4,1,6,3,12,85,24
1439,monthly meal subscription boxes,40,51,8,7,17,9,,33,
1440,meal plan food delivery,40,83,5,36,31,6,,4,68
1441,recipes and food delivery,40,86,3.5,2,5,3,,28,2
1442,fresh meals in a box,40,77,3.5,5,14,2,,47,
1444,dinner deliver,40,31,6,10,7,25,79,74,
1445,fresh box food delivery,40,76,7,5,9,1,68,25,21
1446,fresh meal home delivery,40,83,8,6,3,5,22,33,
1447,plated free meals,40,26,5,19,,55,1,30,
1448,chili recipe with poblano peppers,40,6,0.25,85,15,6,,,
1449,you fresh,40,55,,64,98,1,,,
1451,green chef 6 meals free,40,47,6,,48,17,,1,4
1452,mirin recipes chicken,40,5,,63,7,,,60,
1454,green chef affiliate program,40,0,,38,13,15,,1,6
1457,fresh phone number,40,6,4,31,87,4,,,
1458,delivered dinners,40,78,4,4,3,12,22,96,
1459,food delivery home,40,92,5,4,6,7,,39,14
1460,meal boxes delivery,40,70,5,2,13,3,,21,
1461,plate food service,40,80,1.9,6,7,,2,14,
1462,make dishes,40,37,,84,83,,3,,
1463,delivery healthy meals,40,41,6,13,,79,,7,1
1464,meals to cook delivery,40,89,4.5,2,4,3,11,22,
1466,deliver dinners to your door,40,83,5,1,5,6,63,87,
1467,meal in box,40,85,4,4,11,3,12,43,
1469,meal delivered to your home,40,83,6,4,3,6,49,,36
1470,best home dinner delivery,40,59,2.5,16,10,15,,38,23
1471,green chef free meals,40,49,,77,,30,,1,
1472,healthy delivered meals,40,48,,14,,43,,7,
1473,meal delivery plans for one person,40,17,,96,52,3,41,,5
1477,contact homechef,40,41,,,1,81,,71,
1478,fresh food boxes,40,87,,8,12,2,52,34,12
1480,are meal kits cheaper than buying groceries,40,28,,70,11,34,,,41
1481,in store meal kits,40,13,,64,1,36,,,5
1482,food kits delivery,40,78,,8,3,1,19,16,7
1484,best meal kits for singles,40,18,,50,37,3,,,7
1485,one person meal delivery,40,26,,70,43,3,23,,7
1486,gluten free meal subscription box,40,10,10,42,,21,60,9,2
1487,cooking services,40,24,2.5,9,16,27,62,23,88
1488,try plated free,40,31,6,17,,,1,27,11
1489,meals sent to house,40,89,5,3,7,6,10,73,
1490,meals shipped to you,40,84,10,3,7,4,15,42,
1495,meals cooked and delivered,40,74,7,5,16,9,,48,6
1496,fresh meal prep delivery,40,72,11,10,12,3,81,43,26
1497,meal delivery websites,40,77,10,2,4,3,86,16,
1498,boxed meal companies,40,58,6,4,16,8,13,35,30
1499,walnut rosemary chicken,40,1,,82,54,7,,,
1500,food delivery gift certificate,40,36,7,9,18,15,,,5
1501,fresh food delivery with recipes,40,84,5,1,3,2,11,17,
1503,dinner prep services,40,77,4.5,5,11,15,38,39,28
1504,mashed potatoes and green beans,40,2,,1,15,90,,,29
1505,green chef carnivore menu,40,13,8,,57,48,,1,3
1506,food delivery meals to cook,40,89,5,2,5,6,12,15,
1507,plated plans,40,22,3.5,64,,,1,99,22
1509,companies that deliver food to your home,40,93,6,5,9,14,31,,1
1510,wild rice brussel sprouts recipe,30,2,,96,1,,,68,25
1511,meal by mail,30,87,6,5,7,3,9,28,7
1514,free meals delivered to your home,30,76,7,10,4,49,59,29,48
1515,meals to your home,30,84,5,4,2,3,82,,
1516,green chef gift,30,3,3.5,38,14,18,,1,1
1517,bbq chicken tacos with slaw,30,2,,1,54,6,,,6
1519,pre measured meals,30,78,2.5,2,9,4,,13,11
1520,dinners that deliver,30,83,4.5,7,8,9,,54,
1521,dinner for two delivery,30,36,9,5,15,9,14,34,27
1522,weekly meal subscription,30,76,17,4,12,8,15,26,34
1523,crispy goat cheese,30,3,,21,1,,10,,30
1525,print out recipes,30,25,1.8,1,95,61,,,23
1526,fresh ingredients delivered to your home,30,87,10,1,4,3,10,29,4
1528,pan roasted barramundi,30,0,,1,78,20,,60,
1529,thai steak lettuce wraps,30,2,,1,87,,83,,20
1530,box meals delivered to your home,30,74,13,3,6,4,14,33,
1534,persian style chicken,30,6,,1,,46,,91,1
1536,low carb meal kit delivery,30,14,,,21,3,,6,68
1537,cook up a fresh start,30,3,,40,6,1,75,48,10
1538,plated.com recipes,30,0,,40,,34,1,49,
1539,healthy meals delivered to home,30,51,8,6,13,15,97,17,
1540,chef'd free trial,30,13,,,41,,38,10,
1541,meal delivery plans for singles,30,17,,35,21,3,50,54,8
1542,at home meal kits,30,78,,7,3,4,20,87,3
1543,home food service,30,46,,13,7,36,29,80,
1545,organic meal kit,30,38,,81,,37,,1,7
1546,single person food delivery,30,18,7,29,26,3,18,,22
1548,food delivery subscription box,30,50,9,8,30,7,32,44,5
1549,easy meals delivered,30,83,8,6,4,3,,57,
1550,weekly meal box,30,46,7,5,12,3,14,35,
1551,fresh ingredients and recipes delivered,30,80,,1,4,3,61,15,25
1552,fried chicken with mashed potatoes,30,2,,18,5,101,,,
1555,meals shipped to house,30,84,5,4,6,8,,79,
1556,fresh box app,30,9,,16,42,5,,,36
1557,dinner sent to your home,30,89,1.9,3,6,4,11,99,8
1559,weekly meals delivered to your home,30,83,6,5,3,6,13,,21
1561,plated meal plans,30,22,,14,,70,1,34,18
1562,food delivery subscriptions,30,51,,6,17,11,15,52,
1564,togarashi chicken,30,0,,1,55,,69,14,
1565,mail order keto meals,30,21,,,69,17,,3,2
1566,meal order kits,30,78,,5,8,1,15,25,4
1567,vegan meal delivery kit,30,57,,39,48,22,,3,
1568,low carb meal delivery plans,30,12,,,54,5,,8,4
1569,plated meal delivery service,30,23,,36,,92,1,99,
1570,meal kit for one,30,17,,16,29,1,13,,4
1571,meal delivery box,30,76,,2,12,3,13,19,
1572,heloofresh,30,44,,91,,1,,85,
1573,prepared meals by mail,30,86,3.5,6,10,12,,51,9
1574,pescetarian meal delivery,30,8,8,,82,3,,9,7
1575,food sent to your door,30,85,2,1,6,3,60,,6
1576,at home meal delivery service,30,84,9,5,2,6,,89,
1577,online fresh food delivery,30,89,4.5,4,3,1,15,35,
1579,fresh delivery service,30,83,4,6,4,2,66,32,
1580,top meal prep services,30,56,5,11,95,63,,,25
1581,gluten free home food delivery,30,16,10,,,29,91,10,43
1583,one time meal delivery service,30,76,8,5,13,2,8,,63
1586,sesame tilapia,30,1,,51,6,25,,,2
1587,healthy meal plan service,30,40,5,53,,49,,5,8
1588,home cooked meal delivery service,30,73,8,5,4,23,54,28,1
1589,pickled slaw for fish tacos,30,10,,1,28,52,,,86
1590,home cooking delivery services,30,77,6,1,2,8,16,26,5
1592,organic food delivery companies,30,62,6,22,30,27,,3,
1593,healthy meals sent to your door,30,74,2.5,4,39,12,74,15,
1594,delivery meal services,30,84,5,3,6,4,,19,8
1595,online meals delivery,30,93,3,2,5,3,,19,8
1597,ketogenic meal kit delivery,30,15,,,100,16,,3,56
1598,mealkit,30,58,7,60,15,2,,45,2
1599,meal chef,30,82,3,6,1,51,,2,8
1600,monterey jack burger,30,0,,11,,1,,40,
1602,korean pork bowl,30,12,,77,6,32,,,10
1603,steak potatoes and carrots,30,1,,1,17,15,5,,
1604,where does plated deliver,30,27,1.6,19,,77,1,81,9
1605,best meals delivered to home,30,60,7,7,10,23,64,,10
1606,green chef colorado,30,11,3,69,,34,,1,
1607,dinner shipped to home,30,89,4.5,2,4,6,9,,22
1608,steak caprese salad,30,4,,,9,7,6,,
1609,meal plans sent to your home,30,83,5,6,4,8,15,37,84
1610,build your own meal,30,7,,,78,4,58,,2
1611,delivery food boxes,30,86,5,4,11,6,13,27,10
1612,thai beef wraps,30,3,,84,,36,8,,43
1613,weekly meals delivery,30,83,5,5,3,4,12,,81
1614,best meal delivery for singles,30,17,10,50,45,2,60,,16
1615,baked chicken and mashed potatoes recipe,30,1,0.6,1,27,40,,,
1616,pork tacos with cabbage,30,7,,8,30,,86,,
1618,food prep kit,30,57,4.5,6,12,7,13,14,
1619,steak mashed potatoes and green beans,30,0,,1,10,11,,,
1621,fresh cooking recipes,30,28,3.5,17,27,1,46,,5
1623,fresh meals online,30,91,6,4,3,2,10,30,12
1624,fresh meal ingredients delivered,30,84,3.5,3,5,2,,14,3
1625,roasting steak in oven,30,15,0.15,,35,91,3,,40
1626,fresh meals to go,30,82,7,59,11,3,,27,7
1627,vegetarian meal box delivery,30,65,10,51,61,9,86,6,23
1628,cooked dinner delivery,30,71,5,7,12,10,29,23,
1629,fresh food subscription box,30,9,10,8,27,2,71,79,
1630,meals through the mail,30,87,4.5,4,7,5,12,47,1
1631,food ingredient delivery service,30,78,8,2,7,4,,19,
1633,gouda burger recipe,30,3,0.35,6,23,18,,,8
1634,single person meal delivery service,30,26,9,60,47,2,30,83,20
1635,food boxes delivered to your door,30,74,6,4,11,2,,39,
1637,ethiopian berbere chicken recipe,30,5,,1,12,37,63,,63
1638,in home meal delivery,30,76,6,7,12,6,,90,1
1639,online meals order,30,96,2.5,1,5,2,10,51,11
1640,meals to order online,30,92,3,1,6,3,,24,21
1641,boxed food delivery service,30,74,5,3,10,4,16,26,53
1643,food delivery packages,30,87,7,5,6,3,9,39,
1644,cod panko parmesan,30,9,,8,12,10,,,36
1646,dinner deliveries,30,83,4.5,6,4,5,,32,19
1647,chicken breast mashed potatoes,30,3,,1,18,46,,,
1648,delivered meals for one,30,24,7,14,20,2,17,83,
1649,meal boxes for one,30,30,9,15,33,2,14,87,
1650,food box delivery near me,30,76,4,6,45,5,36,40,
1651,fresh food in a box,30,73,4.5,6,18,3,63,71,
1653,delivery meal plan,30,88,6,3,5,4,,8,31
1654,delivered meals for families,30,12,4.5,19,49,8,,42,11
1655,green meals delivered,30,58,9,18,15,,,1,7
1656,delivered meals to home,30,85,6,4,3,6,,20,2
1658,fresh food recipes delivered,30,86,5,3,4,2,19,15,1
1661,fresh food reviews,30,39,6,,77,10,,74,
1662,meals price,30,57,,6,9,4,,,
1663,delivery dinners,30,90,4,2,5,10,,31,6
1664,meals mail,30,83,8,4,5,3,,25,6
1665,try plated for free,30,31,3.5,22,,,2,31,1
1666,dinner for two delivered,30,60,4.5,6,17,7,11,40,9
1667,makeitfresh,30,68,2,8,7,1,,,
1668,chicken breast and mashed potatoes recipes,30,2,0.25,1,16,23,,,
1669,fresh dinner box,30,91,3,4,2,1,12,22,6
1670,fresh food recipe delivery,30,89,5,2,4,3,12,19,
1671,fresh kits,30,70,0.9,6,3,1,,,17
1672,pasta dish with steak,30,6,,89,5,72,,,
1673,dinners for delivery,30,76,3.5,8,7,21,71,54,
1674,fresh delivery box,30,78,3,4,48,1,,33,2
1675,dinners for two delivered,30,62,3,4,13,3,,18,1
1676,healthy family meals delivered,30,26,7,10,32,7,,16,9
1677,fresh ingredient meals delivered,30,86,7,2,4,3,,41,4
1680,meals in a box delivered,30,86,,3,10,4,12,32,
1682,low calorie meal kits,30,36,,,60,8,,84,
1685,pineapple quesadilla,30,5,,,19,1,,34,59
1686,food sent to your house,30,89,2.5,2,4,5,11,44,
1687,green chef customer care number,30,18,,17,14,,,1,
1688,southwestern stuffed peppers recipe,30,8,0.9,66,,7,,95,6
1689,pork chops and collard greens,30,0,,1,,7,,47,
1691,steak green beans and potatoes,30,0,,1,46,7,,,
1692,home delivery dinners,30,90,3.5,3,2,6,11,27,
1693,packaged meals to cook,30,85,4,2,10,6,20,48,
1694,meals at home service,30,84,1.8,5,2,7,15,25,55
1695,fresh organic meal delivery,30,76,7,72,23,56,,2,
1696,meal shipped to home,30,83,3,3,7,5,,78,87
1697,food meals delivered,30,86,6,2,3,5,53,21,91
1698,dinner prep delivery,30,85,9,2,9,5,,17,2
1700,stuffed poblano pepper recipes ground beef,30,5,,6,95,75,,66,
1701,fresh foods to you,30,77,1.5,18,20,3,,,89
1702,free meal kits,30,53,8,18,44,38,23,3,1
1703,best low carb meal delivery service,30,14,13,,36,5,,10,
1704,meal delivered to your door,30,87,6,1,8,11,73,,13
1705,meals ordered online,30,92,0.8,1,4,3,,,4
1706,meals to cook delivered,30,89,6,3,6,4,10,24,
1707,dinner meal delivery,30,73,8,5,7,12,22,26,7
1708,chef delivered meals,30,83,6,7,1,50,,4,7
1709,chef delivery meals,30,84,7,4,1,13,69,3,6
1710,fresh ingredients meal delivery,30,87,7,2,4,3,5,21,10
1711,food mail,30,32,1.6,70,29,11,,,6
1712,where does green chef deliver,30,4,18,51,21,28,,1,7
1713,food recipe delivery service,30,77,4.5,2,7,3,94,17,15
1714,meal order online,30,94,3.5,2,3,5,9,38,
1715,planned meal delivery,30,89,7,2,4,7,9,43,2
1716,fresh recipe,30,23,3,17,18,2,,,9
1718,keto meals delivered to home,30,24,,,76,21,,5,
1720,home.chef login,30,45,,21,1,19,,45,7
1721,banh mi bowl recipe,30,7,,,7,,84,64,
1722,gemelli pasta recipe chicken,30,1,,101,13,1,,,
1723,order meals to be delivered,30,86,4,2,5,8,15,48,
1724,food box delivery services,30,45,,4,17,5,13,26,
1725,prepared meals sent to your home,30,75,3,4,7,17,23,,
1726,recipe food delivery,30,87,3,2,4,3,7,18,3
1728,chicken breast and mashed potatoes recipe,30,3,,1,14,26,,,1
1729,food meal plan delivery,30,73,6,1,53,11,,10,17
1730,box food company,30,39,4.5,10,64,9,71,21,
1731,pork chop goat cheese,30,1,,14,5,,,93,6
1732,chive chicken,30,3,,70,38,5,,,15
1734,delivery meal,30,82,5,2,6,7,22,37,
1735,pescatarian meals delivered,30,20,8,17,70,2,,8,81
1736,home delivered meals for one,30,24,7,13,15,3,19,46,4
1737,meal delivery sites,30,77,7,4,5,,12,20,
1738,healthy food service delivery,30,45,5,32,,35,,6,35
1739,boxed food companies,30,87,5,8,14,6,12,24,10
1740,buy meals,30,83,3.5,1,79,4,3,,6
1742,meals delivered to house,30,89,6,6,3,7,12,,28
1743,order fresh,30,87,3,11,41,1,,,
1744,green chef first box free,30,48,25,96,,23,,6,29
1745,goat cheese on steak,30,1,,51,6,,33,,
1746,weekly meals for one,30,17,,62,56,10,69,,38
1748,cooked meals delivered to your house,30,78,5,8,7,27,35,,6
1750,fresh meals recipes,30,48,,32,31,3,,,
1751,parmesan crusted steak recipes,30,0,0.25,25,6,81,,,73
1752,delivery meals for one,30,25,7,14,19,2,,,18
1754,take home meals near me,30,78,3.5,32,7,,82,,
1755,try meal delivery free,30,37,16,32,73,23,11,,
1756,ingredients delivered to your door,30,87,6,2,7,3,,28,
1758,what to serve with chicken schnitzel,30,4,,1,35,57,,,27
1759,ponzu stir fry,30,0,,6,26,,,54,
1762,call green chef,30,1,4.5,59,,48,,1,27
1763,dinners shipped to your door,30,89,,2,4,3,12,,
1764,the box food delivery,30,39,6,5,12,4,,23,
1765,plated 4 free meals,30,29,1.3,22,,48,1,59,11
1766,shichimi togarashi chicken,30,1,,1,34,,23,22,13
1767,easy meal delivery,30,84,6,9,11,5,,35,6
1768,family meal delivery plans,30,12,6,17,29,7,96,16,4
1769,fresh dinners delivered to your home,30,83,7,5,4,7,51,99,9
1771,skip delivery,30,7,0.06,7,5,9,,17,
1772,blackened chicken and rice,30,7,,4,35,6,,,5
1773,food delivery subscription services,30,54,7,6,20,7,13,37,83
1774,monthly meal delivery service,30,89,5,5,12,6,11,23,4
1775,online meal kits,30,78,7,1,3,2,13,12,15
1776,monthly meal subscription,30,51,14,6,16,9,,31,39
1777,where is green chef located,30,9,1,34,36,52,,1,8
1779,food mailed to you,30,83,3.5,6,7,2,,32,
1780,order fresh food,30,87,1,4,6,1,,,
1782,meals delivered to you,30,73,4.5,3,9,18,69,,6
1783,ordering meals to cook at home,30,89,3,1,3,4,7,32,
1784,ready to cook meals delivered to your home,30,85,8,2,3,8,45,94,
1785,cilantro beef tacos,30,11,,2,100,19,,,2
1786,meal kit gift,30,48,7,4,24,2,101,64,4
1787,mozzarella stuffed meatballs in oven,30,2,,,90,1,,54,
1789,meals mailed to you,30,86,8,3,14,2,11,40,
1790,house fresh,30,77,6,10,2,1,,,
1791,steak and squash,30,3,,34,,6,,57,4
1794,green chef recycling,30,1,,,68,32,,1,6
1795,buy dinner,30,52,0.4,5,87,7,,,25
1796,meal shipping service,30,84,7,4,9,7,25,26,5
1797,fresh prepared food delivery,30,89,6,9,5,3,,21,73
1798,monthly food delivery service,30,86,6,5,21,4,10,29,8
1799,meal home delivery service,30,84,7,4,2,9,17,33,
1800,baked chicken with mashed potatoes,30,2,0.25,1,31,35,,,20
1801,vegan recipe delivery,30,59,5,37,51,21,100,6,
1802,have meals delivered to your home,30,76,8,6,5,13,,,
1803,box food delivery services,30,59,,3,15,4,16,32,
1804,low calorie meal delivery kits,30,35,,,53,9,,72,45
1808,homefresh menu,30,42,,13,3,1,,20,5
1809,meal delivery services for one,30,26,,18,27,2,33,,19
1810,ello fresh,30,38,,14,51,1,,,5
1811,meal kit for singles,30,19,,34,21,2,36,70,4
1812,box meal plans,30,64,,10,21,8,,33,31
1817,low carb home delivery meals,30,14,,,20,5,,7,2
1819,thyme gravy,30,3,,33,38,7,,,9
1820,prepared meals delivered to your house,30,74,7,8,5,17,46,,13
1821,buy healthy meals online,30,81,4.5,3,91,10,76,18,18
1822,homemade meals delivered to your home,30,54,7,16,8,52,66,,
1823,easy food delivery,30,75,11,6,5,4,28,65,8
1824,home cooking kits,30,77,5,2,3,7,14,28,
1826,food packages online,30,32,0.7,62,,1,88,,9
1828,organic mail order meals,30,73,3.5,,91,25,,4,
1829,healthy dinner delivery service,30,44,7,12,48,22,101,7,38
1830,dinner in a box companies,30,81,2.5,8,17,7,12,24,
1831,chicken couscous bowl,30,0,,13,59,8,17,,31
1832,cooking subscriptions,30,12,,22,,9,55,86,8
1834,meal order plans,30,83,,4,10,3,14,38,
1835,fresh meals near me,30,78,,12,13,4,,,
1838,homechef.com prices,30,26,,,2,,96,58,
1839,steak goat cheese,30,1,,47,1,,37,,3
1841,food shipped to your door,30,87,3,2,7,4,21,92,14
1842,order meals to cook online,20,89,9,1,2,3,7,21,4
1843,organic meal delivery nj,20,68,8,38,,26,,2,7
1844,steak mashed potatoes recipe,20,2,,1,66,11,,,16
1846,go fresh com,20,13,0.1,98,90,4,,,
1847,paleo recipe delivery,20,17,6,25,41,,,8,
1848,cooking subscription services,20,32,5,7,22,10,16,35,78
1849,meal prep and delivery services,20,70,7,7,19,12,,13,
1850,weekly dinner delivery,20,82,6,6,3,4,16,25,57
1851,meals sent to door,20,83,4.5,2,5,7,38,,54
1852,paleo ingredient delivery,20,12,,19,59,,,7,
1853,gourmet meal delivery service,20,59,8,29,,25,,5,10
1855,fresh recipe delivery,20,84,4,3,4,2,33,16,
1856,gourmet meal kits,20,50,6,28,25,1,30,24,5
1857,steak and mash,20,2,,1,23,18,,,15
1858,ready to prepare meals,20,78,4,4,13,11,,,7
1859,steak bibimbap,20,5,,13,,1,25,27,
1860,pre boxed meals,20,86,6,3,11,4,10,37,4
1861,fresh food meals,20,86,4.5,3,5,1,55,25,
1863,order meals online to cook,20,89,3,1,4,2,8,21,
1864,fresh subscription box,20,73,7,10,6,1,,,
1865,fresh com food,20,77,,10,4,1,,95,24
1866,rice stuffed poblano peppers,20,12,,7,20,89,,,63
1867,pineapple tacos recipe,20,12,,42,33,1,,,53
1868,pan fried barramundi recipes,20,0,,1,84,33,,,68
1869,healthy meal delivery companies,20,54,6,20,74,63,,7,
1870,fresh for you menu,20,6,,48,81,3,,,7
1872,keto low carb meal delivery,20,24,,,59,12,,3,10
1875,plated affiliate program,20,0,,24,,7,1,82,1
1876,meals services,20,84,5,1,3,2,,28,
1877,fresh deliveries,20,40,3,101,19,1,,,15
1878,chef meals delivered to your home,20,76,10,6,1,16,74,18,
1879,make it fresh,20,68,,8,7,1,,,8
1880,get fresh food delivery,20,85,7,4,5,2,14,36,11
1882,the plate food delivery,20,56,7,9,12,99,2,21,3
1883,healthy food sent to your door,20,82,6,4,42,9,78,8,4
1884,cod with panko and parmesan,20,7,,10,11,7,,,9
1885,chicken breast recipes with mashed potatoes,20,3,,1,17,34,,,10
1887,stuffed poblano peppers recipe ground beef,20,6,,7,96,75,,76,47
1889,vegan meal kit service,20,58,7,59,71,47,,3,10
1890,green chef contact phone number,20,3,,40,,26,,1,80
1891,delivery boxes food,20,24,7,7,29,8,16,56,64
1892,cod fish tacos pan fried,20,12,0.15,52,8,98,,,
1893,ground beef gnocchi,20,3,,8,42,47,,,
1894,online food services,20,91,4,2,8,4,,,
1896,made to order meals,20,70,4.5,5,13,77,57,,
1898,order recipes,20,84,,1,3,2,,33,4
1899,dinner subscription services,20,81,,9,14,10,12,23,10
1900,meal recipe delivery services,20,87,10,2,3,4,12,16,7
1901,meal de,20,18,8,82,1,60,,,78
1902,lemon chicken paillard,20,2,,12,5,18,,,5
1903,meal cooking delivery service,20,88,,3,2,4,17,11,
1905,healthy meals online delivery,20,73,8,6,36,11,74,16,18
1906,recipe ingredients delivered,20,87,4,2,4,3,6,14,8
1907,low carb meals delivered to your door,20,10,6,,32,3,,11,
1908,meal kit plans,20,78,7,6,8,2,21,12,6
1909,shop at home food service,20,77,2.5,6,4,34,,82,
1910,cherry glazed chicken recipe,20,1,,1,92,18,,,11
1911,food service home delivery,20,83,5,5,4,8,13,23,6
1912,gift meals,20,21,2.5,1,11,1,,,7
1913,home cooking service,20,60,7,5,4,16,22,37,57
1914,winter steak recipes,20,4,,4,37,,55,,6
1916,meal kit delivery gluten free,20,13,11,80,,30,59,6,7
1917,once a week meal delivery,20,86,10,8,4,9,10,73,8
1918,healthy food sent to your home,20,74,3.5,6,,8,63,13,
1920,healthy food shipped to your door,20,74,6,6,17,11,,19,
1921,food delivery service for one,20,31,9,18,32,2,13,67,
1922,meal shipping companies,20,77,6,4,10,5,34,25,1
1925,meals for one delivered to your home,20,26,10,14,15,2,,,8
1926,plated food delivery service,20,23,4.5,19,,95,1,91,1
1927,mail dinner service,20,89,4,6,7,5,12,45,
1928,in home food delivery,20,84,4.5,7,4,5,,27,9
1931,meal delivery service gift,20,35,6,3,5,6,65,,
1932,cook at home meal delivery service,20,84,18,3,2,6,12,20,5
1933,fresh food sent to your home,20,83,4.5,4,5,3,,17,
1934,ingredients box delivery,20,81,7,2,18,3,7,30,
1935,meal deliver services,20,59,,7,8,13,41,30,4
1937,subscription meal kits,20,55,,7,13,4,93,22,12
1939,brown butter sauce for steak,20,2,,6,21,,10,,5
1941,top rated home delivery meals,20,54,5,8,18,21,40,,
1942,online meal,20,88,1.4,1,3,2,11,,7
1943,recipe card subscription,20,0,3.5,86,,4,93,33,16
1944,seafood meal delivery,20,53,7,63,27,15,,10,3
1945,couscous bowls,20,3,,12,17,5,40,90,
1946,meal ordering,20,77,3.5,2,6,3,,,
1947,food service plans,20,77,,9,10,5,,14,
1948,ready to prepare meals delivered,20,84,8,3,9,11,27,85,23
1949,different meal delivery services,20,59,13,11,10,16,43,,35
1950,encrusted cod,20,10,,27,6,23,,,6
1951,meal shipping,20,78,3.5,1,4,3,,25,5
1952,food in boxes,20,36,4,8,22,9,,,3
1953,shrimp apple salad,20,1,,7,,74,,31,
1954,meals ready to cook delivered,20,83,5,1,8,4,12,37,11
1956,chef meals home delivery,20,84,,6,1,12,,11,5
1957,caramelized onion quesadilla,20,5,,71,7,54,,,
1958,dinner kit delivery service,20,77,7,4,6,2,33,14,
1959,order chef,20,25,3.5,66,2,,,40,
1960,plated menu for next week,20,4,,64,37,71,1,29,
1961,online prepared meal delivery,20,86,12,5,6,7,49,26,
1963,roasted red pepper sauce for steak,20,0,,73,6,,,64,7
1964,food delivery ready to cook,20,82,5,4,9,10,18,34,19
1965,weekly fresh food delivery,20,86,9,4,3,2,20,30,
1967,in home food delivery service,20,78,3.5,5,8,9,,28,11
1968,chicken spinach ricotta,20,3,,52,1,75,,,48
1969,parmesan crusted pork roast,20,2,,,38,6,80,,12
1970,mail order meal services,20,84,5,7,8,9,18,28,1
1971,cranberry demi glace,20,0,,46,1,14,,,5
1972,truffle butter for steak,20,1,0.4,,37,1,,31,5
1973,panko parmesan crusted cod,20,9,,10,12,7,,,13
1974,healthy fresh delivery,20,28,4.5,12,,2,,16,9
1976,cooking kit delivery,20,78,5,1,8,3,29,19,5
1977,organic meal kit delivery service,20,45,8,,69,43,,2,
1979,meals in mail,20,89,3.5,4,7,3,11,21,6
1980,dinner recipe delivery,20,90,7,2,3,5,7,8,
1981,chef chicken recipes,20,6,0.9,,1,76,29,60,32
1982,green chef 6 free meals,20,39,,,55,51,,5,4
1986,veggie tartine,20,2,,26,1,,,7,19
1987,build your own meals,20,11,,,79,5,62,,3
1988,fig jam sandwich,20,1,,5,,67,90,,10
1990,uncooked food delivery,20,75,6,1,2,7,6,,2
1991,no carb meal delivery,20,11,4,,31,4,,6,8
1992,green beans and mashed potatoes,20,2,,1,17,75,,,20
1993,meals mailed,20,89,4,2,9,3,11,88,
1994,steak and mashed potatoes dinner,20,2,1.3,1,78,5,,,
1995,cod en papillote recipe,20,3,,10,,12,3,,2
1996,online fresh food,20,91,4.5,6,9,2,,,
1997,family meals delivered to your home,20,75,8,11,9,16,80,,
1998,meals mailed to your door,20,89,9,3,7,5,12,,
2000,go fresh delivery,20,54,3.5,,77,3,85,46,10
2001,order food to cook at home,20,89,4,3,1,2,9,22,
2002,chef meal delivery service,20,88,,8,1,11,,3,48
2003,cheap meals delivered to your door,20,62,5,6,14,16,67,,8
2004,ingredients delivered to your home,20,87,8,1,3,2,9,20,9
2005,parmesan crusted chicken and pasta,20,7,1.3,26,78,1,,,91
2009,fresh meal box delivery,20,84,8,4,6,2,33,14,11
2010,dijon cod,20,3,,94,90,1,,34,
2011,eat fresh meals,20,69,3.5,17,35,3,,99,
2014,meal subscription gift,20,28,11,2,10,5,85,70,6
2016,fresh food delivered to door,20,89,5,4,7,1,67,19,
2018,meal kit delivery for one,20,30,13,21,14,2,17,97,64
2021,home delivery meal companies,20,77,14,5,8,10,34,29,
2024,food to your door services,20,83,,2,6,7,,26,30
2028,homefresh foods,20,0,,18,4,3,,80,
2029,boxed meal plans,20,76,,5,12,6,16,26,1
2031,chimichurri pork chop,20,0,,,6,7,,31,7
2033,meal kit delivery chicago,20,46,9,11,1,19,,16,
2034,dinner prep companies,20,78,2.5,3,15,16,30,22,5
2035,healthiest meal delivery kits,20,44,,26,62,18,94,9,12
2036,delivery home meals,20,89,6,3,2,4,9,42,7
2037,fresh box food,20,58,4,9,26,1,,57,33
2038,chef dinners,20,71,0.4,7,1,,,6,17
2039,meal gift cards,20,28,1,4,6,1,,,80
2041,home cooked meals delivery,20,74,3.5,3,4,13,,84,4
2042,meal plan home delivery,20,83,6,5,4,10,37,23,
2044,health food meal delivery,20,49,5,21,,65,,5,11
2045,mashed potatoes chicken recipe,20,2,,8,21,32,,,
2046,meatballs polenta,20,0,,8,30,99,14,,61
2047,oven roasted steak recipe,20,17,0.3,,52,101,6,,
2048,mustard demi glace,20,0,,41,1,14,,,
2049,sirloin steak sauce recipe,20,11,,69,1,26,,,
2050,parmesan crusted cod recipes,20,9,,33,5,6,,,16
2051,ship meals to home,20,89,4,2,4,5,10,39,10
2052,dinner mail order,20,87,3,5,6,7,11,25,23
2053,crusted cod fish recipes,20,8,,38,6,35,,,4
2054,meal in a box services,20,49,8,6,17,2,15,27,
2055,healthy recipe delivery,20,87,7,2,11,7,68,3,8
2056,food mailed to your house,20,83,4.5,4,5,2,14,,
2057,meals sent to your home to cook,20,89,3,2,3,5,11,38,3
2058,daily meals delivered to your home,20,57,4.5,,5,27,72,,53
2059,sweet potatoes steak,20,6,,63,35,5,,,19
2060,fresh weekly,20,40,3,65,2,3,,,
2061,fresh meals delivered weekly,20,85,9,9,4,3,17,76,5
2062,home delivery fresh food,20,85,6,1,3,4,19,28,18
2063,delivery dinner kit,20,78,2.5,9,5,4,,20,18
2064,fresh food delivered weekly,20,85,13,5,4,3,18,17,3
2065,chefd weight watchers,20,10,1.5,7,69,,,48,
2066,food shipped to you,20,81,2,6,17,8,,55,6
2067,weekly meals delivery online melbourne,20,63,,26,13,4,,,
2068,order your meal,20,80,,24,2,4,,,5
2069,dinner shipped to your door,20,83,4,2,7,4,15,,2
2070,boxed dinner service,20,78,2,8,9,6,25,30,24
2071,weekly meal plans delivered,20,83,8,7,5,10,14,26,32
2072,fresh mail order food,20,83,5,3,4,1,27,79,6
2073,pre portioned meal recipes,20,42,,3,15,14,74,,4
2075,fresh food meal plans,20,63,3,31,15,6,,18,
2076,meal ingredients delivery service,20,87,6,2,6,3,11,17,
2077,steak and penne pasta recipe,20,3,,58,1,22,,,
2078,order your meals,20,83,,3,2,4,,,15
2079,dinners to your door,20,69,6,2,4,13,49,54,
2080,home delivered fresh food,20,85,7,3,6,5,,91,
2081,fresh diet log in,20,78,3,14,9,5,,,84
2082,to your door meals,20,88,5,1,7,5,16,85,
2083,delivery dinner service,20,84,1.8,4,3,5,13,31,1
2084,fresh box delivery,20,70,6,6,15,1,76,25,3
2085,pre measured meals delivered,20,83,3.5,2,11,3,,10,6
2086,chicken breast mashed potato recipe,20,2,,6,17,27,,,4
2088,fresh meal boxes,20,82,7,5,10,2,30,21,21
2089,fresh to you meals,20,77,1.5,21,63,5,,,15
2090,dinner home delivery service,20,77,7,3,1,6,,26,
2091,recipes in a box,20,66,2.5,9,37,1,,,
2092,fresh ingredient recipes delivered,20,86,,2,4,3,7,24,4
2093,cod and butternut squash,20,0,,35,,8,,29,
2094,home food deliveries,20,84,7,2,3,7,,32,54
2095,in home food delivery services,20,77,7,8,5,6,20,40,
2096,weekly meal delivery company,20,89,,3,2,6,10,19,2
2097,dinner company,20,59,,9,25,11,,13,8
2098,weekly meals delivery online,20,85,,5,3,4,,22,5
2099,food delivery plated,20,24,6,20,51,,2,,3
2101,fresh and easy home delivery,20,30,1.3,33,1,9,,29,17
2102,weekly meals delivery service,20,89,,5,3,4,9,66,76
2103,dinner companies,20,77,,4,7,5,12,18,
2105,best home food delivery company,20,56,9,12,10,27,89,51,35
2106,steak goat cheese recipes,20,1,,40,6,88,38,,
2107,green fresh meals,20,85,9,21,18,5,,1,
2108,apron meals recipes,20,23,1.4,4,,45,,91,7
2109,ingredients for meals delivered,20,89,6,2,6,3,10,28,11
2110,home food meal delivery,20,84,6,4,2,7,18,26,49
2111,meal delivery service free trial,20,35,,,25,37,10,38,
2116,shallot pan sauce,20,0,,15,80,1,6,,7
2120,ingredients sent to your home,20,86,2.5,1,5,2,8,29,83
2122,shrimp green beans pasta,20,1,,1,,47,,44,7
2124,cook meals at home,20,76,2,3,2,7,,88,1
2125,ready to cook food delivery,20,89,4.5,3,8,6,11,57,30
2127,chicken breast and mashed potato recipes,20,3,,6,19,38,,,6
2128,plated first box free,20,24,8,26,,36,1,37,6
2129,home cook meals delivered,20,83,4.5,2,1,7,16,22,6
2130,home cook food delivery,20,84,7,3,2,9,,25,8
2131,lunch home delivery,20,61,5,11,7,12,,47,4
2132,at home delivery meals,20,89,7,4,5,3,11,45,
2133,meal gift,20,25,4.5,5,21,9,,,
2134,free food delivery trial,20,32,4,,41,64,10,27,
2135,package food delivery,20,83,7,4,7,3,47,,9
2136,meal delivery online,20,94,6,1,4,2,9,14,
2137,food at your door,20,85,3.5,1,4,2,,89,8
2138,how do you cancel green chef,20,2,,,18,17,,1,
2140,food to home delivery,20,96,6,4,3,8,40,,8
2141,plate home delivery,20,85,6,4,7,,1,10,
2142,korean noodle bowl recipes,20,6,,,6,86,,42,
2143,fresh food shipped,20,92,2.5,12,9,6,,,
2144,plated recipes this week,20,3,,32,,100,1,,10
2145,home meal deliveries,20,84,7,5,3,6,,28,
2147,deliver meals to home,20,90,6,5,2,4,12,28,5
2148,fresh gift card,20,6,4.5,78,33,3,,,
2150,parmesan crusted cod fillets,20,7,,28,5,6,,,4
2152,prepared meals for one,20,12,2.5,21,44,7,,94,13
2153,autumn pork recipe,20,3,,7,79,35,,,6
2154,chicken breast mashed potatoes recipes,20,3,,1,16,21,,,1
2155,home delivered meal programs,20,62,5,6,,10,24,,3
2156,meal ordering service,20,83,1,2,7,6,17,25,
2157,meals website,20,95,5,1,4,5,7,20,20
2158,dinners mailed to you,20,89,3.5,2,6,3,8,33,49
2159,home delivery food box,20,77,5,3,6,4,,32,
2160,fresh food subscription,20,70,12,4,16,1,19,30,
2161,boxed dinner services,20,53,3,9,15,7,13,25,
2162,dinners shipped,20,82,5,1,9,8,,35,5
2163,chimichurri burgers,20,4,,,83,8,,57,55
2164,home delivery food companies,20,84,6,8,4,7,,16,
2165,deliver ingredients for dinner,20,87,2,2,4,3,6,14,3
2166,american plated service,20,3,,47,,49,7,,
2167,meatball sandwich delivery,20,0,1.8,40,8,8,,,36
2168,plate it meals,20,52,4,12,15,,3,46,6
2169,boxed delivery meal kits,20,78,11,2,11,3,30,29,
2170,deliver meals to your home,20,83,7,3,4,6,38,,8
2171,fresh food meal plan,20,48,3.5,24,14,3,,23,97
2172,meatballs and green beans,20,1,,18,21,8,,,
2173,fresh home meal delivery,20,84,7,5,3,2,,19,10
2174,meal online,20,91,0.3,2,5,1,,,28
2175,dinner in a box gift,20,25,2,6,20,12,,100,99
2176,fresh delivery food service,20,85,5,5,4,2,15,24,22
2177,tempura cod recipes,20,0,,1,75,68,,,
2178,delivered home cooked meals,20,75,4,4,3,11,12,51,
2179,home delivery meals fresh,20,76,7,4,3,2,,33,12
2180,food delivered to my home,20,93,4,12,7,19,87,,
2181,meals to cook delivered to your door,20,83,,2,4,5,13,39,1
2182,home delivery service for food,20,95,,3,4,7,,,
2183,food delivery ingredients,20,76,4.5,3,5,2,61,21,4
2184,home cooking boxes,20,76,9,2,5,7,13,29,
2187,the chef box,20,4,0.8,14,6,93,,20,4
2188,meal ingredients delivered to your door,20,83,8,2,5,3,14,93,
2191,mail order dinners to cook,20,83,3.5,3,6,5,13,30,
2192,fresh ingredients delivered to you,20,89,,2,5,1,9,75,1
2193,low calorie meal subscription,20,13,12,,95,10,,67,
2195,food to your home,20,94,4,2,1,3,9,44,19
2196,fresh ingredients delivered to your door,20,82,11,3,13,5,45,,
2197,food and recipes delivered to your door,20,83,5,2,5,3,33,47,57
2198,fresh now food delivery,20,88,1.5,6,7,1,,51,29
2200,parmesan crusted sirloin,20,0,,34,1,59,,,
2201,jasmine rice bowl,20,2,,93,1,1,,,6
2203,chicken orzo dinner,20,19,,70,26,5,,,8
2204,mail order food delivery,20,87,7,5,11,4,13,22,
2205,order food box,20,91,12,5,25,1,7,38,3
2206,vegetable bibimbap recipe,20,9,,6,47,12,,,
2207,parmesan crusted cod fish,20,9,,20,7,6,,,5
2208,green box meals,20,22,6,42,41,14,,1,
2209,make at home meal delivery,20,76,8,3,2,6,15,38,
2210,organic chef foods,20,0,1,,27,86,,7,6
2211,vegetarian chef recipes,20,11,,,1,95,36,15,6
2213,mail order meals to cook at home,20,89,6,1,4,6,9,29,
2214,spanish fish recipes tilapia,20,4,,1,70,,,55,
2215,meal ingredients delivered to home,20,87,9,2,5,3,11,23,1
2216,chef meal,20,24,7,37,1,75,,4,7
2217,food menu delivery,20,91,5,1,3,6,58,14,
2221,organic meal subscription box,20,47,20,,81,33,,2,5
2222,food recipe boxes,20,9,5,5,45,3,60,,44
2223,meals brought to your home,20,73,3.5,5,14,8,18,,
2224,dinner meal kits,20,77,7,2,4,3,19,18,
2225,ingredients delivered to home,20,77,6,1,3,4,79,19,18
2227,food ready to cook,20,83,5,1,7,4,87,33,8
2228,order meals for the week,20,91,4,8,2,4,11,39,8
2229,food and recipe delivery services,20,78,,2,7,3,15,29,
2230,truffle steak recipe,20,0,,,16,1,,33,
2231,plate it food delivery,20,86,5,5,9,63,2,12,5
2232,meal delivery green,20,23,4,36,37,,,1,77
2234,home cooked meal service,20,78,,3,4,16,23,46,51
2235,green fresh food delivery,20,26,,17,16,14,,1,49
2236,easy 10 step recipes,20,0,1.9,,5,53,92,,34
2237,order ingredients online,20,79,7,2,11,4,5,97,5
2238,dinner ingredients delivered to your home,20,84,7,3,5,4,13,30,2
2240,ready to cook meal kits,20,83,8,1,7,5,30,81,7
2242,best meals by mail,20,56,3.5,10,17,13,53,35,3
2243,green chef nj,20,0,,20,,18,,1,9
2245,ground pork and pasta,20,3,,7,30,37,,,
2247,panko pesto chicken,20,0,,,19,1,,15,
2248,lunch delivery service menu,20,78,11,13,4,15,,23,
2249,meal delivery for 1,20,24,10,13,19,2,20,21,59
2250,so fresh food delivery,20,46,1.6,12,13,1,75,65,
2251,green chef cost per week,20,10,5,,83,33,,3,27
2252,home fresh foods inc,20,89,7,7,3,1,11,,
2253,organic recipe delivery,20,79,6,,41,,80,2,9
2254,meal prep box delivery,20,73,9,5,11,4,34,58,
2256,healthy meals sent to home,20,55,4,6,17,19,71,20,24
2257,what to eat with parmesan crusted chicken,20,13,,1,66,37,,,
2259,low carb diet food delivery,20,12,13,,80,4,,8,15
2260,boxed fresh,20,55,2.5,10,99,4,,,4
2261,the best home meal delivery service,20,56,8,10,17,22,,,
2262,fresh packaged meals,20,83,5,5,11,2,,,7
2263,sweet potato and steak,20,3,,9,48,7,,78,2
2264,green beans and sweet potatoes,20,0,,52,23,1,,,1
2266,complete meal delivery service,20,76,11,6,8,12,40,92,
2268,weekly food subscription,20,50,8,7,14,8,15,28,1
2269,weekly delivery,20,75,1.7,2,1,42,,24,
2271,gluten free meal kit service,20,10,6,88,,21,62,7,1
2273,chef meals at home,20,24,5,15,1,45,61,1,8
2274,shrimp salad po boy,20,2,3.5,2,15,27,,,2
2275,freshfood services,20,28,4.5,4,27,1,,,57
2276,healthy eating delivery service,20,67,4,72,,46,,7,2
2277,meal kits for 1,20,18,8,14,18,2,66,28,21
2279,coconut curry rice bowl recipe,20,8,,21,6,81,99,,53
2280,easy meals delivered to home,20,83,10,3,2,5,82,28,
2281,chicken tandoori sauce recipe,20,2,,1,,61,,90,1
2282,chef blogs recipes,20,36,,,30,,2,24,
2283,fresh dinner delivery service,20,83,6,5,4,1,17,25,
2285,food delivery service gift card,20,42,7,6,9,7,,,
2286,food meal boxes,20,56,9,10,13,6,,19,6
2287,same day meal delivery,20,68,8,39,67,27,6,,
2289,plate dinner delivery,20,78,10,5,8,73,4,15,79
2290,weekly food box subscription,20,79,2.5,10,31,9,12,78,34
2291,home delivery meal ingredients,20,77,1.4,1,8,2,13,32,7
2292,chef meals to go,20,81,,7,3,17,,9,
2293,recipes delivered to your door,20,88,5,2,4,3,,17,
2294,home foods delivery,20,85,6,2,1,9,,27,88
2296,food box deliveries,20,79,6,8,5,13,,,10
2297,prepared ingredients delivered,20,84,5,2,13,4,7,20,32
2298,home cooked food delivery service,20,73,9,3,4,16,21,62,
2299,internet meals,20,95,4,4,3,2,5,21,11
2300,prepared meals to cook at home,20,90,6,3,4,7,12,67,5
2301,shallot cream sauce for steak,20,0,,,15,1,5,,
2302,crispy goat cheese salad,20,3,,14,1,,7,,1
2303,green chef plans,20,20,5,92,,39,,2,5
2304,creamy shallot sauce,20,0,,,50,1,2,,
2305,best meal kit delivery service for singles,20,28,16,42,35,4,53,69,
2306,green food delivery service,20,26,6,26,29,41,,1,18
2307,delivering meals,20,83,5,1,3,8,41,,9
2308,order fresh meals online,20,90,4,3,4,1,9,22,
2309,send ingredients for meals,20,89,3,1,5,3,8,20,6
2310,chicken garlic mashed potatoes,20,0,,8,90,6,,,2
2311,meal delivery subscription boxes,20,50,6,6,28,7,42,60,6
2312,home made food delivery,20,30,6,39,10,83,,,79
2315,fresh box locations,20,79,,8,16,5,21,,
2316,sirloin steak sauce recipes,20,11,,83,1,22,,,3
2317,kitchen food delivery,20,84,,4,7,8,,31,
2318,home cooked meals delivered to your home,20,71,5,5,6,36,60,,4
2319,quick meal delivery,20,72,5,3,15,9,32,28,1
2320,green chef corporate office,20,5,,31,,12,,1,4
2321,phone number for green chef,20,9,3,98,,40,,1,
2323,burger mozzarella,20,1,,36,24,1,,,47
2324,fresh meal kit delivery,20,88,8,6,2,1,16,4,79
2325,pre measured meal delivery,20,90,7,2,11,3,8,9,9
2327,bbq chicken and broccoli,20,1,,14,1,44,,,4
2328,weekly meal kits,20,77,5,3,4,5,14,24,7
2329,meals for two delivered,20,54,6,5,12,6,18,29,35
2330,cook plated.com,20,8,,39,,,1,81,
2331,in home food service,20,46,1.1,12,6,14,40,36,
2332,mailed food boxes,20,87,7,4,7,3,6,35,15
2333,organic meal box delivery,20,62,11,22,98,35,,2,
2336,family meal subscription,20,11,4.5,19,22,7,74,24,4
2337,black truffle butter steak,20,0,,,46,1,,32,54
2338,mail order meal delivery,20,84,10,4,5,2,13,20,18
2339,cook your own meal delivery,20,89,9,3,4,6,5,19,
2341,the good cook login,20,65,,,3,27,30,77,
2343,cook fresh food,20,85,,8,27,3,101,22,9
2344,thai beef lettuce wraps recipe,20,2,,77,96,28,7,,27
2345,mealsdelivered,20,82,,4,7,10,,86,
2346,boxes for food delivery,20,12,7,10,78,7,87,,6
2349,order meals online healthy,10,81,,4,87,8,93,13,
2350,order meal online,10,96,,4,6,5,11,,
2352,fried chicken sandwich toppings,10,12,,89,71,,6,,
2353,green chef gluten free menu,10,22,1.2,,92,20,,1,
2354,shiitake mushroom noodles recipe,10,4,,1,81,77,,,
2355,chicken and zucchini parmesan,10,10,,62,74,6,,,
2356,online meal delivery plans,10,83,,2,6,4,48,19,9
2357,mushroom parmesan pasta,10,10,,29,8,47,,,
2359,apron delivery,10,49,0.7,1,,18,78,62,70
2360,meal in a box gift,10,48,4.5,6,12,3,,91,
2362,go fresh recipes,10,10,,50,7,1,,76,
2363,mail order fresh food,10,89,3,3,5,1,27,53,
2364,pasta with fresh tomatoes basil and chicken,10,11,0.07,85,8,31,,,7
2365,autumn pork recipes,10,2,0.3,8,74,28,,,
2366,order food boxes online,10,91,5,4,8,3,7,13,32
2367,green chef shipping,10,7,1.8,68,,54,,1,16
2368,get fresh food,10,82,,8,5,1,,,
2369,buy home cooked meals,10,69,7,8,5,26,62,,20
2370,sesame chicken and noodles recipe,10,4,,4,51,32,,,83
2371,best food shipping companies,10,57,,6,12,14,65,40,61
2372,healthy food delivered to your house,10,83,3.5,7,12,10,,100,4
2374,green chef new jersey,10,0,1.8,17,,18,,1,35
2375,family meal boxes,10,11,6,21,30,6,63,24,4
2377,best mail order meal service,10,55,8,9,19,12,85,33,1
2379,fresh dinner boxes,10,86,,4,9,1,15,29,8
2380,kitchen meal delivery,10,76,8,3,4,12,42,11,
2381,websites like plated,10,21,12,15,,,6,29,
2382,ground pork penne pasta recipes,10,5,,8,32,17,,,4
2386,fresh meals sent to your home,10,83,3.5,3,6,5,38,91,
2387,home food delivery programs,10,77,7,6,12,9,,48,
2388,veggie stir fry with egg,10,5,,8,,100,,99,
2389,best food delivery for families,10,10,10,22,39,9,,25,3
2391,baked mozzarella stuffed meatballs recipe,10,4,,,91,6,,77,6
2393,po boy salad,10,2,,1,17,86,,,9
2394,make meals to take home,10,66,6,11,3,28,8,,
2395,best home delivery meals to cook,10,53,10,7,13,17,49,34,29
2397,healthy meal ingredients delivered,10,83,8,3,11,4,47,8,66
2398,fresh cooking delivery,10,85,2.5,4,5,1,22,16,
2399,food boxes delivered to your home,10,73,14,5,10,7,17,23,3
2401,chef cooked meals,10,72,3.5,9,4,41,,18,
2402,online food subscription,10,19,11,10,42,11,14,34,1
2404,fresh food ingredients delivered,10,89,6,2,5,3,7,16,1
2406,chef now,10,21,,88,1,27,92,24,98
2408,recipes delivered to door,10,91,5,2,4,3,7,26,
2409,meal boxes delivered to your door,10,50,8,2,14,4,17,24,47
2410,grocery delivery with recipes,10,79,6,1,6,2,,26,
2411,companies like green chef,10,49,,27,20,62,,8,6
2412,packaged meal kits,10,56,6,10,17,7,68,81,
2413,fresh online food,10,91,4.5,5,4,1,,,4
2414,steak frites sauce recipe,10,2,4.5,6,14,,,61,5
2415,home cooked meals delivered to your house,10,83,4,7,6,9,29,46,7
2416,fresh food mailed to you,10,88,3,2,11,3,,20,7
2417,meal cooking service,10,84,3.5,6,5,10,95,18,3
2418,steak and garlic mashed potatoes,10,1,,1,17,24,,,31
2421,cooking ingredients delivery,10,87,7,1,3,2,4,13,5
2422,meal kit delivery nyc,10,45,8,9,13,11,79,17,1
2423,first 3 meals free,10,13,8,6,56,12,83,90,86
2425,food delivery to home near me,10,91,4.5,12,5,17,31,,62
2426,companies that deliver meals to your home,10,83,13,3,8,9,17,37,4
2427,parmesan crusted cod fish recipes,10,9,,34,5,6,,,
2428,plated family plan,10,26,3,14,,,1,18,16
2429,get meals delivered to home,10,89,4.5,6,3,4,11,,99
2430,recipes delivered to your home,10,84,,4,3,5,,30,11
2432,recipe ingredients delivery service,10,78,12,1,4,2,64,19,3
2433,healthy fresh box,10,80,0.15,4,28,1,47,13,
2436,fresh ingredients delivered to home,10,87,7,2,4,3,6,33,1
2438,dinner website,10,95,,1,5,14,19,29,
2440,shrimp tagliatelle recipe,10,19,,47,,1,63,,
2441,meal kits delivered to home,10,78,18,4,2,3,24,23,57
2442,food meal delivery companies,10,61,8,9,6,12,40,28,
2443,pre portioned meal delivery,10,69,5,4,11,15,,,7
2444,zaatar couscous,10,3,,12,,6,,35,11
2445,diet meals sent to home,10,64,3.5,5,15,45,74,47,24
2446,recipes and ingredients delivered to your door,10,76,17,2,4,3,17,29,
2447,dinner ingredient delivery service,10,87,25,2,5,3,11,32,
2449,cooked food delivered to home,10,82,,5,9,11,22,41,88
2450,one meal a week delivery,10,83,7,12,9,4,11,,
2451,best home recipe delivery,10,54,2.5,7,10,13,34,23,
2452,green organic food delivery,10,23,4,28,31,22,,1,
2453,shepherd pie delivery,10,0,1,,,8,34,53,
2455,best home delivery food services,10,54,,10,15,37,,97,
2456,chef meals recipes,10,48,3,9,2,13,37,8,25
2457,kids cooking delivery,10,17,4,,,4,37,77,9
2458,fresh dining delivery service,10,81,5,,3,4,15,,1
2459,meal boxes for one person,10,28,10,36,38,3,18,39,48
2461,food delivery recipe box,10,82,11,3,13,2,12,19,1
2462,fresh food dinner delivery,10,83,,4,3,1,26,23,35
2464,meals delivered ready to cook,10,83,4.5,2,6,7,18,72,
2466,easiest home delivery meals,10,55,6,9,14,12,25,41,
2467,chicken katsu delivery,10,0,2,,10,10,,46,12
2468,meal delivery for single person,10,21,6,68,32,3,23,98,
2469,fresh food website,10,94,4,6,7,1,62,11,
2470,crusted parmesan chicken pasta,10,5,,24,81,1,,,7
2471,best food recipe delivery service,10,60,,10,13,9,89,37,96
2472,organic ingredient delivery,10,63,,52,,58,88,3,
2473,fresh weekly meals,10,84,,6,4,3,16,,
2474,apron meal delivery,10,51,8,1,,38,67,34,
2476,home delivery kit,10,78,1.1,2,6,3,14,21,4
2477,free meal service,10,66,8,15,49,56,42,4,49
2478,chef prepared meals at home,10,41,2.5,34,2,90,69,37,27
2479,healthy food delivered to door,10,74,,7,,50,,12,9
2480,gluten free dinner delivery,10,12,,,,44,72,7,9
2481,meals delivered at home,10,89,5,4,3,6,11,54,10
2482,food delivered to your home to cook,10,83,5,3,2,5,,23,6
2483,food delivery cook yourself,10,92,5,4,5,3,7,10,40
2486,easy meals to deliver,10,11,4,18,16,11,27,49,14
2487,recipes sent to home,10,81,,1,3,2,,36,32
2488,tomato flatbread recipe,10,5,,,14,7,,32,86
2490,mail order meals for one,10,26,5,12,21,1,18,48,3
2491,at home delivery service,10,93,,10,7,11,,,2
2492,meal package delivery,10,83,5,4,7,2,,53,
2493,green chef denver co,10,11,1.9,82,,47,,1,
2494,healthy ingredient delivery,10,82,4.5,5,51,9,84,6,
2495,fresh food delivered to cook,10,83,,3,4,2,20,27,24
2496,couscous stuffed zucchini,10,0,,1,,6,,48,5
2497,house delivery food,10,90,5,6,5,33,,,
2499,healthy recipes delivered to your door,10,73,5,1,18,5,82,26,
2500,cooking with capers recipes,10,5,,83,73,,6,,8
2501,diet food box delivery,10,73,8,10,18,9,,11,8
2502,dinner meal delivery service,10,90,8,3,2,5,11,16,6
2503,fresh food shipped to your door,10,85,,3,11,6,,33,3
2504,mail meal kits,10,78,12,7,8,4,18,17,
2505,dinner delivery subscription,10,54,10,2,13,5,,31,
2506,fresh food kits,10,90,2.5,4,3,1,19,9,
2507,chef box delivery,10,89,3.5,7,2,10,9,4,7
2508,hoisin beef noodles recipe,10,2,,65,2,60,69,,65
2512,cheesy crusted chicken,10,14,,12,9,1,,,63
2513,green chef gift certificate,10,9,7,22,11,23,,1,15
2514,recipes to your door,10,83,4,1,6,3,26,14,
2516,so fresh meals,10,30,3.5,57,86,5,,,12
2517,food box companies,10,74,3.5,5,11,7,,19,4
2518,home delivery company,10,94,5,2,1,10,,23,17
2519,online dinners,10,91,5,1,2,3,7,68,1
2520,fresh food online delivery,10,91,,5,7,4,,,1
2522,fresh food and recipes delivered,10,89,4,3,4,1,9,17,5
2523,food recipes delivered to your door,10,88,4,2,4,3,18,41,6
2525,mahi piccata recipe,10,1,,49,,1,93,,11
2527,home delivery ingredients,10,78,,3,5,4,32,22,
2528,gouda cheese burger recipe,10,3,,7,28,33,,,
2529,meals that come in the mail,10,82,3,3,6,4,21,36,
2531,chefs diet delivery,10,76,1.1,25,1,77,,3,7
2532,box of food to cook,10,86,,4,8,3,6,19,33
2533,cook at home delivery meals,10,89,,2,6,5,9,17,
2534,healthy diet delivery services,10,43,4,89,,91,,5,26
2535,food delivery for 1 person,10,13,4.5,25,22,3,15,53,
2536,fresh pre packaged meals,10,74,3.5,9,14,5,90,,4
2537,korean beef bibimbap rice bowl,10,14,,11,,1,39,,89
2538,cooked online,10,58,,36,76,53,7,68,7
2539,hamburger stuffed poblano peppers,10,5,,5,,49,,56,
2540,schnitzel and potatoes,10,2,2.5,11,8,70,,,
2541,recipe delivery companies,10,77,6,2,6,7,17,14,
2542,monterey jack cheese burger,10,0,,6,,1,,74,3
2543,ingredients and recipes delivered to your home,10,87,7,1,2,3,9,27,
2545,weekly meals delivered to your door,10,85,6,4,5,7,63,,
2546,dinner delivery options,10,59,3,10,7,13,79,25,3
2547,truffle grilled cheese recipe,10,0,,,1,13,18,,62
2548,fresh ingredients to your door,10,87,,2,4,3,5,63,10
2549,meal planning and delivery service,10,86,10,7,,8,69,5,
2550,online food meals,10,89,,4,3,1,9,21,
2554,whole meals delivered,10,81,5,7,13,4,52,,1
2555,chef made food delivery,10,52,12,12,2,16,27,44,19
2557,plated home delivery meals,10,30,4,11,,86,2,100,9
2559,beef thai lettuce wraps,10,2,,83,100,43,6,,29
2560,delivery kits,10,77,0.25,4,8,2,20,16,11
2561,dinner kit companies,10,57,,9,12,13,19,23,20
